,Intervention_Cat,Intervention_Pkg,Intervention_Pkg_Code,Items,Item_Code,Expected_Units_Per_Case,Unit_Cost
0,Maternal/Newborn and Reproductive Health,Pill,0,"Levonorgestrel 0.0375 mg, cycle",0,7.5,48.25212
1,Maternal/Newborn and Reproductive Health,Pill,0,"Levonorgestrel 0.15 mg + Ethinyl estradiol 30 mcg (Microgynon), cycle",1,7.5,53.35008
2,Maternal/Newborn and Reproductive Health,Male condom,1,"Condom, male",2,120.0,20.97018
3,Maternal/Newborn and Reproductive Health,Injectable,2,Depot-Medroxyprogesterone Acetate 150 mg - 3 monthly,3,4.0,50.9439
4,Maternal/Newborn and Reproductive Health,Injectable,2,"Gloves, exam, latex, disposable, pair",4,4.0,31.90866
5,Maternal/Newborn and Reproductive Health,Injectable,2,"Povidone iodine, solution, 10 %, 5 ml per injection",5,4.0,2.00634
6,Maternal/Newborn and Reproductive Health,Injectable,2,"Syringe, Autodisable SoloShot IX ",6,4.0,5.4264
7,Maternal/Newborn and Reproductive Health,IUD,3,"Gloves, exam, latex, disposable, pair",4,3.0,31.90866
8,Maternal/Newborn and Reproductive Health,IUD,3,"IUD, Copper T-380A",7,1.0,19.39224
9,Maternal/Newborn and Reproductive Health,Implant,4,"Gloves, exam, latex, disposable, pair",4,2.0,31.90866
10,Maternal/Newborn and Reproductive Health,Implant,4,"Lidocaine HCl (in dextrose 7.5%), ampoule 2 ml",8,2.0,52.00062
11,Maternal/Newborn and Reproductive Health,Implant,4,"Povidone iodine, solution, 10 %, 5 ml per injection",5,2.0,2.00634
12,Maternal/Newborn and Reproductive Health,Implant,4,"Syringe, needle + swab",9,2.0,7.7469
13,Maternal/Newborn and Reproductive Health,Implant,4,Trocar,10,0.1,1203.99678
14,Maternal/Newborn and Reproductive Health,Implant,4,Needle suture intestinal round bodied ½ circle trocar_6_CMST,11,0.2,115.99644
15,Maternal/Newborn and Reproductive Health,Implant,4,"Jadelle (implant), box of 2_CMST",12,0.5,447.22104
16,Maternal/Newborn and Reproductive Health,Implant,4,Implanon (Etonogestrel 68 mg),13,0.5,484.97022
17,Maternal/Newborn and Reproductive Health,Female sterilization,5,"Atropine sulphate, injection, 1 mg in 1 ml ampoule",14,1.0,17.99994
18,Maternal/Newborn and Reproductive Health,Female sterilization,5,"Diazepam, injection, 5 mg/ml, in 2 ml ampoule",15,1.0,130.47636
19,Maternal/Newborn and Reproductive Health,Female sterilization,5,"Lidocaine, injection, 1 % in 20 ml vial",16,1.0,149.99712
20,Maternal/Newborn and Reproductive Health,Female sterilization,5,"Lidocaine, spray, 10%, 500 ml bottle",17,0.02,1244.0022
21,Maternal/Newborn and Reproductive Health,Female sterilization,5,"Syringe, needle + swab",9,3.0,7.7469
22,Maternal/Newborn and Reproductive Health,Female sterilization,5,"Gauze pad, 10 x 10 cm, sterile",18,2.0,14.72268
23,Maternal/Newborn and Reproductive Health,Female sterilization,5,"Needle, suture, assorted sizes, round body",19,3.0,600.00276
24,Maternal/Newborn and Reproductive Health,Female sterilization,5,"Suture, catgut, chromic, 0, 150 cm",20,3.0,3744.0018
25,Maternal/Newborn and Reproductive Health,Female sterilization,5,"Tape, adhesive, 2.5 cm wide, zinc oxide, 5 m roll",21,1.0,426.10092
26,Maternal/Newborn and Reproductive Health,Female sterilization,5,"Gloves, surgeon’s, latex, disposable, sterile, pair",22,2.0,137.45928
27,Maternal/Newborn and Reproductive Health,Female sterilization,5,"Paracetamol, tablet, 500 mg",23,8.0,4.3554
28,Maternal/Newborn and Reproductive Health,Female sterilization,5,"Povidone iodine, solution, 10 %, 5 ml per injection",5,2.0,2.00634
29,Maternal/Newborn and Reproductive Health,Female sterilization,5,Cotton swab,24,2.0,1.9992
30,Maternal/Newborn and Reproductive Health,Male sterilization,6,"Gauze pad, 10 x 10 cm, sterile",18,1.0,14.72268
31,Maternal/Newborn and Reproductive Health,Male sterilization,6,"Gloves, surgeon’s, latex, disposable, sterile, pair",22,1.0,137.45928
32,Maternal/Newborn and Reproductive Health,Male sterilization,6,"Lidocaine, injection, 1 % in 20 ml vial",16,1.0,149.99712
33,Maternal/Newborn and Reproductive Health,Male sterilization,6,"Needle, suture, assorted sizes, round body",19,1.0,600.00276
34,Maternal/Newborn and Reproductive Health,Male sterilization,6,"Povidone iodine, solution, 10 %, 5 ml per injection",5,1.0,2.00634
35,Maternal/Newborn and Reproductive Health,Male sterilization,6,"Suture, catgut, chromic, 0, 150 cm",20,1.0,3744.0018
36,Maternal/Newborn and Reproductive Health,Male sterilization,6,"Syringe, needle + swab",9,1.0,7.7469
37,Maternal/Newborn and Reproductive Health,Male sterilization,6,"Tape, adhesive, 2.5 cm wide, zinc oxide, 5 m roll",21,1.0,426.10092
38,Maternal/Newborn and Reproductive Health,Female Condom,7,Female Condom_Each_CMST,25,120.0,33.72222
39,Maternal/Newborn and Reproductive Health,Post-abortion case management,8,"Misoprostol, tablet, 200 mcg",26,4.0,132.33276
40,Maternal/Newborn and Reproductive Health,Post-abortion case management,8,"Paracetamol, tablet, 500 mg",23,9.0,4.3554
41,Maternal/Newborn and Reproductive Health,Post-abortion case management,8,"Ampicillin, powder for injection, 500 mg, vial",27,24.0,118.4526
42,Maternal/Newborn and Reproductive Health,Post-abortion case management,8,"Gentamycin, injection, 40 mg/ml in 2 ml vial",28,6.0,41.74758
43,Maternal/Newborn and Reproductive Health,Post-abortion case management,8,"Metronidazole, injection, 500 mg in 100 ml vial",29,8.0,51.48654
44,Maternal/Newborn and Reproductive Health,Post-abortion case management,8,"Tetracycline, tablet, 500 mg",30,40.0,0.9996
45,Maternal/Newborn and Reproductive Health,Post-abortion case management,8,"Lidocaine HCl (in dextrose 7.5%), ampoule 2 ml",8,1.0,52.00062
46,Maternal/Newborn and Reproductive Health,Post-abortion case management,8,"Misoprostol, tablet, 200 mcg",26,2.0,132.33276
47,Maternal/Newborn and Reproductive Health,Post-abortion case management,8,"Syringe, needle + swab",9,1.0,7.7469
48,Maternal/Newborn and Reproductive Health,Post-abortion case management,8,"Methylergometrine, Injection  0.2 mg/ml, 1 ml amp",31,3.0,14.00154
49,Maternal/Newborn and Reproductive Health,Post-abortion case management,8,"Paracetamol, tablet, 500 mg",23,12.0,4.3554
50,Maternal/Newborn and Reproductive Health,Post-abortion case management,8,"Pethidine, 50 mg/ml, 2 ml ampoule",32,2.0,522.77652
51,Maternal/Newborn and Reproductive Health,Post-abortion case management,8,"Sodium chloride, injectable solution, 0,9 %, 500 ml",33,2.0,840.29946
52,Maternal/Newborn and Reproductive Health,Post-abortion case management,8,"Sodium chloride, injectable solution, 0,9 %, 500 ml",33,2.0,840.29946
53,Maternal/Newborn and Reproductive Health,Ectopic case management,9,"IV giving/infusion set, with needle",34,1.0,231.84294
54,Maternal/Newborn and Reproductive Health,Ectopic case management,9,"Lidocaine HCl (in dextrose 7.5%), ampoule 2 ml",8,1.0,52.00062
55,Maternal/Newborn and Reproductive Health,Ectopic case management,9,"Sodium lactate injection (Ringer's), 500 ml, with giving set",35,2.0,808.94772
56,Maternal/Newborn and Reproductive Health,Ectopic case management,9,"Syringe, needle + swab",9,0.1,7.7469
57,Maternal/Newborn and Reproductive Health,Ectopic case management,9,"Epinephrine, ampoule, 1 mg/ml",36,0.1,82.0029
58,Maternal/Newborn and Reproductive Health,Ectopic case management,9,"Suture, absorbable, synthetic, 2/0, curved needle",37,0.01,75.99816
59,Maternal/Newborn and Reproductive Health,Ectopic case management,9,"Suture, catgut, chromic, 0, 150 cm",20,0.01,3744.0018
60,Maternal/Newborn and Reproductive Health,Ectopic case management,9,"Suture, non-absorbable, synthetic, 3/0, curved needle",38,0.01,1699.9983
61,Maternal/Newborn and Reproductive Health,Ectopic case management,9,"Gauze pad, 10 x 10 cm, sterile",18,0.03,14.72268
62,Maternal/Newborn and Reproductive Health,Ectopic case management,9,"Ampicillin, powder for injection, 500 mg, vial",27,64.0,118.4526
63,Maternal/Newborn and Reproductive Health,Ectopic case management,9,"Gentamycin, injection, 40 mg/ml in 2 ml vial",28,12.0,41.74758
64,Maternal/Newborn and Reproductive Health,Ectopic case management,9,"Metronidazole, injection, 500 mg in 100 ml vial",29,12.0,51.48654
65,Maternal/Newborn and Reproductive Health,Ectopic case management,9,"Sodium chloride, injectable solution, 0,9 %, 500 ml",33,8.0,840.29946
66,Maternal/Newborn and Reproductive Health,Ectopic case management,9,"Paracetamol, tablet, 500 mg",23,12.0,4.3554
67,Maternal/Newborn and Reproductive Health,Ectopic case management,9,"Pethidine, 50 mg/ml, 2 ml ampoule",32,2.0,522.77652
68,Maternal/Newborn and Reproductive Health,Tetanus toxoid (pregnant women),10,"Tetanus toxoid, injection",39,2.0,13.00194
69,Maternal/Newborn and Reproductive Health,Tetanus toxoid (pregnant women),10,"Syringe, needle + swab",9,2.0,7.7469
70,Maternal/Newborn and Reproductive Health,Syphilis detection and treatment (pregnant women),11,"Blood collecting tube, 5 ml",40,1.0,122.42958
71,Maternal/Newborn and Reproductive Health,Syphilis detection and treatment (pregnant women),11,"Gloves, exam, latex, disposable, pair",4,1.0,31.90866
72,Maternal/Newborn and Reproductive Health,Syphilis detection and treatment (pregnant women),11,"Syringe, needle + swab",9,1.0,7.7469
73,Maternal/Newborn and Reproductive Health,Syphilis detection and treatment (pregnant women),11,"Test, Rapid plasma reagin (RPR)",41,1.0,66.4377
74,Maternal/Newborn and Reproductive Health,Syphilis detection and treatment (pregnant women),11,"Benzathine benzylpenicillin, powder for injection, 2.4 million IU",42,0.2,484.07058
75,Maternal/Newborn and Reproductive Health,Syphilis detection and treatment (pregnant women),11,"Syringe, needle + swab",9,0.2,7.7469
76,Maternal/Newborn and Reproductive Health,Syphilis detection and treatment (pregnant women),11,"Water for injection, 5 ml ampoule",43,0.2,25.8111
77,Maternal/Newborn and Reproductive Health,Basic ANC,12,Ferrous sulphate 200mg _1000_CMST,44,0.0,1791.21894
78,Maternal/Newborn and Reproductive Health,Basic ANC,12,Albendazole 200mg_1000_CMST,45,0.0,6375.6987
79,Maternal/Newborn and Reproductive Health,Basic ANC,12,Carbon antigen VDRL 10ml_each_CMST,46,1.0,1942.00146
80,Maternal/Newborn and Reproductive Health,Basic ANC,12,Urine analysis,47,4.0,627.9987
81,Maternal/Newborn and Reproductive Health,Basic ANC,12,HIV EIA Elisa test,48,0.0,120.35898
82,Maternal/Newborn and Reproductive Health,Basic ANC,12,"Cotton wool, 500g_1_CMST",49,0.001,416.99742
83,Maternal/Newborn and Reproductive Health,Basic ANC,12,Haemoglobin test (HB),50,1.0,78.99696
84,Maternal/Newborn and Reproductive Health,Hypertensive disorder case management,13,Proteinuria test (dipstick),51,5.0,3.9984
85,Maternal/Newborn and Reproductive Health,Deworming (pregnant women),14,"Albendazole, tablet, 400 mg",52,0.25,63.7602
86,Maternal/Newborn and Reproductive Health,Deworming (pregnant women),14,"Mebendazole, chewable tablet, 500 mg",53,0.25,18.98526
87,Maternal/Newborn and Reproductive Health,Deworming (pregnant women),14,"Praziquantel, 600 mg",54,0.75,2.8203
88,Maternal/Newborn and Reproductive Health,Deworming (pregnant women),14,"Levamisole, 80 mg",55,1.5,9.48906
89,Maternal/Newborn and Reproductive Health,Active management of the 3rd stage of labour,15,"Oxytocin, injection, 10 IU in 1 ml ampoule",56,1.0,39.24144
90,Maternal/Newborn and Reproductive Health,Active management of the 3rd stage of labour,15,"Syringe, needle + swab",9,1.0,7.7469
91,Maternal/Newborn and Reproductive Health,Management of eclampsia,16,"Bag, urine, collecting, 2000 ml",57,1.0,157.40844
92,Maternal/Newborn and Reproductive Health,Management of eclampsia,16,Foley catheter,58,1.0,306.44166
93,Maternal/Newborn and Reproductive Health,Management of eclampsia,16,"Test strips, urine analysis",59,8.0,3.9984
94,Maternal/Newborn and Reproductive Health,Management of eclampsia,16,"Hydralazine, powder for injection, 20 mg ampoule",60,1.0,676.85058
95,Maternal/Newborn and Reproductive Health,Management of eclampsia,16,"IV giving/infusion set, with needle",34,1.0,231.84294
96,Maternal/Newborn and Reproductive Health,Management of eclampsia,16,"Sodium lactate injection (Ringer's), 500 ml, with giving set",35,1.0,808.94772
97,Maternal/Newborn and Reproductive Health,Management of eclampsia,16,"Misoprostol, tablet, 200 mcg",26,0.8,132.33276
98,Maternal/Newborn and Reproductive Health,Management of eclampsia,16,"Oxytocin, injection, 10 IU in 1 ml ampoule",56,0.8,39.24144
99,Maternal/Newborn and Reproductive Health,Management of eclampsia,16,"Sodium chloride, injectable solution, 0,9 %, 500 ml",33,0.4,840.29946
100,Maternal/Newborn and Reproductive Health,Management of eclampsia,16,"Magnesium sulfate, injection, 500 mg/ml in 10-ml ampoule",61,0.1,439.38132
101,Maternal/Newborn and Reproductive Health,Management of eclampsia,16,"Sodium lactate injection (Ringer's), 500 ml, with giving set",35,0.4,808.94772
102,Maternal/Newborn and Reproductive Health,Management of eclampsia,16,"Syringe, needle + swab",9,0.1,7.7469
103,Maternal/Newborn and Reproductive Health,Management of eclampsia,16,"Water for injection, 10 ml ampoule",62,0.2,25.8111
104,Maternal/Newborn and Reproductive Health,Management of eclampsia,16,"Test strips, urine analysis",59,2.5,3.9984
105,Maternal/Newborn and Reproductive Health,Management of eclampsia,16,"Lidocaine HCl (in dextrose 7.5%), ampoule 2 ml",8,0.1,52.00062
106,Maternal/Newborn and Reproductive Health,Management of eclampsia,16,"Magnesium sulfate, injection, 500 mg/ml in 10-ml ampoule",61,0.1,439.38132
107,Maternal/Newborn and Reproductive Health,Management of eclampsia,16,"Lidocaine HCl (in dextrose 7.5%), ampoule 2 ml",8,0.6000000000000001,52.00062
108,Maternal/Newborn and Reproductive Health,Management of eclampsia,16,"Magnesium sulfate, injection, 500 mg/ml in 10-ml ampoule",61,0.6000000000000001,439.38132
109,Maternal/Newborn and Reproductive Health,Management of eclampsia,16,"Magnesium sulfate, injection, 500 mg/ml in 10-ml ampoule",61,0.1,439.38132
110,Maternal/Newborn and Reproductive Health,Management of pre-eclampsia,17,"Bag, urine, collecting, 2000 ml",57,1.0,157.40844
111,Maternal/Newborn and Reproductive Health,Management of pre-eclampsia,17,Foley catheter,58,1.0,306.44166
112,Maternal/Newborn and Reproductive Health,Management of pre-eclampsia,17,"Test strips, urine analysis",59,8.0,3.9984
113,Maternal/Newborn and Reproductive Health,Management of pre-eclampsia,17,"Hydralazine, powder for injection, 20 mg ampoule",60,1.0,676.85058
114,Maternal/Newborn and Reproductive Health,Management of pre-eclampsia,17,"IV giving/infusion set, with needle",34,1.0,231.84294
115,Maternal/Newborn and Reproductive Health,Management of pre-eclampsia,17,"Sodium lactate injection (Ringer's), 500 ml, with giving set",35,1.0,808.94772
116,Maternal/Newborn and Reproductive Health,Management of pre-eclampsia,17,"Misoprostol, tablet, 200 mcg",26,0.8,132.33276
117,Maternal/Newborn and Reproductive Health,Management of pre-eclampsia,17,"Oxytocin, injection, 10 IU in 1 ml ampoule",56,0.8,39.24144
118,Maternal/Newborn and Reproductive Health,Management of pre-eclampsia,17,"Sodium chloride, injectable solution, 0,9 %, 500 ml",33,0.4,840.29946
119,Maternal/Newborn and Reproductive Health,Management of pre-eclampsia,17,"Magnesium sulfate, injection, 500 mg/ml in 10-ml ampoule",61,0.1,439.38132
120,Maternal/Newborn and Reproductive Health,Management of pre-eclampsia,17,"Sodium lactate injection (Ringer's), 500 ml, with giving set",35,0.4,808.94772
121,Maternal/Newborn and Reproductive Health,Management of pre-eclampsia,17,"Syringe, needle + swab",9,0.1,7.7469
122,Maternal/Newborn and Reproductive Health,Management of pre-eclampsia,17,"Water for injection, 10 ml ampoule",62,0.2,25.8111
123,Maternal/Newborn and Reproductive Health,Management of pre-eclampsia,17,"Test strips, urine analysis",59,2.5,3.9984
124,Maternal/Newborn and Reproductive Health,Management of pre-eclampsia,17,"Lidocaine HCl (in dextrose 7.5%), ampoule 2 ml",8,0.1,52.00062
125,Maternal/Newborn and Reproductive Health,Management of pre-eclampsia,17,"Magnesium sulfate, injection, 500 mg/ml in 10-ml ampoule",61,0.1,439.38132
126,Maternal/Newborn and Reproductive Health,Management of pre-eclampsia,17,"Lidocaine HCl (in dextrose 7.5%), ampoule 2 ml",8,0.6000000000000001,52.00062
127,Maternal/Newborn and Reproductive Health,Management of pre-eclampsia,17,"Magnesium sulfate, injection, 500 mg/ml in 10-ml ampoule",61,0.6000000000000001,439.38132
128,Maternal/Newborn and Reproductive Health,Management of pre-eclampsia,17,"Magnesium sulfate, injection, 500 mg/ml in 10-ml ampoule",61,0.1,439.38132
129,Maternal/Newborn and Reproductive Health,Neonatal resuscitation (institutional),18,"Resuscitator,hand-oper.,infant/child,set",63,0.005,0
130,Maternal/Newborn and Reproductive Health,Neonatal resuscitation (institutional),18,"Infant resuscitator, clear plastic + mask + bag_each_CMST",64,1.0,5892.34212
131,Maternal/Newborn and Reproductive Health,Management of obstructed labour,19,"Gloves, surgeon’s, latex, disposable, sterile, pair",22,4.0,137.45928
132,Maternal/Newborn and Reproductive Health,Management of obstructed labour,19,"IV giving/infusion set, with needle",34,0.9,231.84294
133,Maternal/Newborn and Reproductive Health,Management of obstructed labour,19,"Lidocaine HCl (in dextrose 7.5%), ampoule 2 ml",8,0.9,52.00062
134,Maternal/Newborn and Reproductive Health,Management of obstructed labour,19,"Sodium lactate injection (Ringer's), 500 ml, with giving set",35,1.8,808.94772
135,Maternal/Newborn and Reproductive Health,Management of obstructed labour,19,"Syringe, needle + swab",9,0.9,7.7469
136,Maternal/Newborn and Reproductive Health,Management of obstructed labour,19,"Epinephrine, ampoule, 1 mg/ml",36,0.225,82.0029
137,Maternal/Newborn and Reproductive Health,Management of obstructed labour,19,"Syringe, needle + swab",9,0.1,7.7469
138,Maternal/Newborn and Reproductive Health,Management of obstructed labour,19,"Epinephrine, ampoule, 1 mg/ml",36,0.1,82.0029
139,Maternal/Newborn and Reproductive Health,Management of obstructed labour,19,"Atropine sulphate, injection, 1 mg in 1 ml ampoule",14,0.1,17.99994
140,Maternal/Newborn and Reproductive Health,Management of obstructed labour,19,"IV giving/infusion set, with needle",34,0.1,231.84294
141,Maternal/Newborn and Reproductive Health,Management of obstructed labour,19,"Sodium lactate injection (Ringer's), 500 ml, with giving set",35,0.2,808.94772
142,Maternal/Newborn and Reproductive Health,Management of obstructed labour,19,"Syringe, needle + swab",9,0.2,7.7469
143,Maternal/Newborn and Reproductive Health,Management of obstructed labour,19,"Ketamine, 10 ml vial, 50 mg/ml",65,0.1,607.12848
144,Maternal/Newborn and Reproductive Health,Management of obstructed labour,19,"Ampicillin, powder for injection, 500 mg, vial",27,0.0,118.4526
145,Maternal/Newborn and Reproductive Health,Management of obstructed labour,19,"Cefazolin, ampoule, 500 mg",66,4.0,20.2419
146,Maternal/Newborn and Reproductive Health,Management of obstructed labour,19,"Bag, urine, collecting, 2000 ml",57,1.0,157.40844
147,Maternal/Newborn and Reproductive Health,Management of obstructed labour,19,Foley catheter,58,1.0,306.44166
148,Maternal/Newborn and Reproductive Health,Management of obstructed labour,19,"Gauze pad, 10 x 10 cm, sterile",18,5.0,14.72268
149,Maternal/Newborn and Reproductive Health,Management of obstructed labour,19,"Needle, suture, assorted sizes, round body",19,3.0,600.00276
150,Maternal/Newborn and Reproductive Health,Management of obstructed labour,19,"Povidone iodine, solution, 10 %, 5 ml per injection",5,1.0,2.00634
151,Maternal/Newborn and Reproductive Health,Management of obstructed labour,19,"Suture, catgut, chromic, 0, 150 cm",20,1.0,3744.0018
152,Maternal/Newborn and Reproductive Health,Management of obstructed labour,19,"Suture, non-absorbable, synthetic, 3/0, curved needle",38,1.0,1699.9983
153,Maternal/Newborn and Reproductive Health,Management of obstructed labour,19,"Blade, surgical, no. 22, sterile, disposable",67,1.0,39.85548
154,Maternal/Newborn and Reproductive Health,Management of obstructed labour,19,"Ampicillin, powder for injection, 500 mg, vial",27,16.0,118.4526
155,Maternal/Newborn and Reproductive Health,Management of obstructed labour,19,"Gentamycin, injection, 40 mg/ml in 2 ml vial",28,7.0,41.74758
156,Maternal/Newborn and Reproductive Health,Management of obstructed labour,19,"IV giving/infusion set, with needle",34,0.25,231.84294
157,Maternal/Newborn and Reproductive Health,Management of obstructed labour,19,"Metronidazole, injection, 500 mg in 100 ml vial",29,3.0,51.48654
158,Maternal/Newborn and Reproductive Health,Management of obstructed labour,19,"Sodium chloride, injectable solution, 0,9 %, 500 ml",33,2.0,840.29946
159,Maternal/Newborn and Reproductive Health,Management of obstructed labour,19,"IV giving/infusion set, with needle",34,1.0,231.84294
160,Maternal/Newborn and Reproductive Health,Management of obstructed labour,19,"Oxytocin, injection, 10 IU in 1 ml ampoule",56,2.0,39.24144
161,Maternal/Newborn and Reproductive Health,Management of obstructed labour,19,"Paracetamol, tablet, 500 mg",23,12.0,4.3554
162,Maternal/Newborn and Reproductive Health,Management of obstructed labour,19,"Pethidine, 50 mg/ml, 2 ml ampoule",32,1.0,522.77652
163,Maternal/Newborn and Reproductive Health,Management of obstructed labour,19,"Sodium lactate injection (Ringer's), 500 ml, with giving set",35,8.0,808.94772
164,Maternal/Newborn and Reproductive Health,Management of obstructed labour,19,"Syringe, needle + swab",9,1.0,7.7469
165,Maternal/Newborn and Reproductive Health,Treatment of local infections (newborn),20,"Gloves, exam, latex, disposable, pair",4,2.0,31.90866
166,Maternal/Newborn and Reproductive Health,Treatment of local infections (newborn),20,"Tetracycline eye ointment, 1 %, tube 5 mg",68,0.9000000000000001,31.68018
167,Maternal/Newborn and Reproductive Health,Treatment of local infections (newborn),20,"Gentian violet, powder 25 mg",69,0.1,992.90268
168,Maternal/Newborn and Reproductive Health,Treatment of local infections (newborn),20,"Amoxicillin, powder/oral suspension, 125 mg/5 ml",70,1.0,3.9984
169,Maternal/Newborn and Reproductive Health,Treatment of local infections (newborn),20,Paracetamol syrup 120mg/5ml_0.0119047619047619_CMST,71,1.0,869.28072
170,Maternal/Newborn and Reproductive Health,Cesearian section with indication,21,Glove disposable powdered latex large_100_CMST,72,0.3,50.32986
171,Maternal/Newborn and Reproductive Health,Cesearian section with indication,21,Iodine strong 10% solution_500ml_CMST,73,0.1,1641.60024
172,Maternal/Newborn and Reproductive Health,Cesearian section with indication,21,Chlorhexidine 1.5% solution_5_CMST,74,0.04,12183.18906
173,Maternal/Newborn and Reproductive Health,Cesearian section with indication,21,"Gauze, swabs 8-ply 10cm x 10cm_100_CMST",75,0.1,17.14314
174,Maternal/Newborn and Reproductive Health,Cesearian section with indication,21,"Oxytocin, injection, 10 IU in 1 ml ampoule",56,1.0,39.24144
175,Maternal/Newborn and Reproductive Health,Cesearian section with indication,21,Scalpel blade size 22 (individually wrapped)_100_CMST,76,0.1,3985.34808
176,Maternal/Newborn and Reproductive Health,Cesearian section with indication,21,Catgut chromic 1 needle round bodied ½ circle 50mm_12_CMST,77,1.0,600.00276
177,Maternal/Newborn and Reproductive Health,Cesearian section with indication,21,"suture Vicryl® (2/0) 70cm + 1/2 rb ndl 26mm, V317H_36_IDA",78,0.08333,20999.99664
178,Maternal/Newborn and Reproductive Health,Cesearian section with indication,21,Cannula iv  (winged with injection pot) 20_each_CMST,79,2.0,118.43832
179,Maternal/Newborn and Reproductive Health,Cesearian section with indication,21,Giving set iv administration + needle 15 drops/ml_each_CMST,80,1.0,43.99668
180,Maternal/Newborn and Reproductive Health,Cesearian section with indication,21,"Gauze pad, 10 x 10 cm, sterile",18,0.3,14.72268
181,Maternal/Newborn and Reproductive Health,Cesearian section with indication,21,"Ceftriaxone 1g, PFR_each_CMST",81,2.0,207.10998
182,Maternal/Newborn and Reproductive Health,Cesearian section with indication,21,Catheter Foley's + urine bag (2000ml) 14g_each_CMST,82,1.0,115.99644
183,Maternal/Newborn and Reproductive Health,Cesearian section with indication,21,"Pethidine hydrochloride 50mg/1ml, 2ml_each_CMST",83,2.0,522.77652
184,Maternal/Newborn and Reproductive Health,Cesearian section with indication,21,Declofenac injection_each_CMST,84,14.0,20.99874
185,Maternal/Newborn and Reproductive Health,Cesearian section with indication,21,"Plaster, elastic adhesive 10cm x 5m_each_CMST",85,0.05,539.07
186,Maternal/Newborn and Reproductive Health,Cesearian section with indication,21,"Ampicillin injection 500mg, PFR_each_CMST",86,2.0,118.4526
187,Maternal/Newborn and Reproductive Health,Cesearian section with indication,21,"Cotton wool, 500g_1_CMST",49,1.0,416.99742
188,Maternal/Newborn and Reproductive Health,Cesearian section with indication,21,"Diazepam 5mg/ml, 2ml_each_CMST",87,1.0,130.47636
189,Maternal/Newborn and Reproductive Health,Cesearian section with indication,21,"surgical face mask, disp., with metal nose piece_50_IDA",88,0.1,833.00238
190,Maternal/Newborn and Reproductive Health,Cesearian section with indication,21,Glove surgeon's size 8 sterile_2_CMST,89,7.0,273.7476
191,Maternal/Newborn and Reproductive Health,Cesearian section with indication,21,Halothane (fluothane)_250ml_CMST,90,0.2,21517.04688
192,Maternal/Newborn and Reproductive Health,Cesearian section with indication,21,"Ketamine, 10 ml vial, 50 mg/ml",65,0.04,607.12848
193,Maternal/Newborn and Reproductive Health,Cesearian section with indication,21,"Lignocaine hydrochloride 5%+glucose 7.5%,heavy spinal,2ml_each_CMST",91,0.9,451.31226
194,Maternal/Newborn and Reproductive Health,Cesearian section with indication,21,Metronidazole 200mg_1000_CMST,92,0.001,5271.83328
195,Maternal/Newborn and Reproductive Health,Cesearian section with indication,21,Saline solution,93,4.0,135.00312
196,Maternal/Newborn and Reproductive Health,Cesearian section with indication,21,Paracetamol 500mg _1000_CMST,94,0.018,4353.87918
197,Maternal/Newborn and Reproductive Health,Cesearian section with indication,21,Needle spinal disposable Luer 22g x 10cm cutting bevel/pencil point_each_CMST,95,0.9,249.02178
198,Maternal/Newborn and Reproductive Health,Cesearian section with indication,21,"Suture, catgut, chromic, 0, 150 cm",20,0.0,3744.0018
199,Maternal/Newborn and Reproductive Health,Cesearian section with indication,21,"Suture, non-absorbable, synthetic, 1/0, curved needle",96,1.0,35.00028
200,Maternal/Newborn and Reproductive Health,Cesearian section with indication,21,Catgut chromic 0 needle round bodied ½ circle 40mm_12_CMST,97,0.16667,3744.0018
201,Maternal/Newborn and Reproductive Health,Cesearian section with indication,21,"Water for injection, 10ml_Each_CMST",98,1.0,32.57268
202,Maternal/Newborn and Reproductive Health,Cesearian section with indication,21,"Benzylpenicillin 3g (5MU), PFR_each_CMST",99,1.0,194.6007
203,Maternal/Newborn and Reproductive Health,Cesearian section with indication,21,"Syringe, 50ml, disposable, with 19g needle_each_CMST",100,2.0,182.91252
204,Maternal/Newborn and Reproductive Health,Cesearian Section with indication (with complication),22,Iodine strong 10% solution_500ml_CMST,73,0.0,1641.60024
205,Maternal/Newborn and Reproductive Health,Cesearian Section with indication (with complication),22,Chlorhexidine 1.5% solution_5_CMST,74,0.004,12183.18906
206,Maternal/Newborn and Reproductive Health,Cesearian Section with indication (with complication),22,"Gauze, absorbent 90cm x 40m_each_CMST",101,1.0,5650.6317
207,Maternal/Newborn and Reproductive Health,Cesearian Section with indication (with complication),22,"Oxytocin 10 IU/ml, 1ml_each_CMST",102,0.0,39.24144
208,Maternal/Newborn and Reproductive Health,Cesearian Section with indication (with complication),22,Glove disposable powdered latex large_100_CMST,72,0.3,50.32986
209,Maternal/Newborn and Reproductive Health,Cesearian Section with indication (with complication),22,Scalpel blade size 22 (individually wrapped)_100_CMST,76,0.01,3985.34808
210,Maternal/Newborn and Reproductive Health,Cesearian Section with indication (with complication),22,Catgut chromic 1 needle round bodied ½ circle 50mm_12_CMST,77,0.1,600.00276
211,Maternal/Newborn and Reproductive Health,Cesearian Section with indication (with complication),22,"Bandage, plaster of paris 15cm_12_CMST",103,0.33,1688.0031
212,Maternal/Newborn and Reproductive Health,Cesearian Section with indication (with complication),22,"suture Vicryl® (2/0) 70cm + 1/2 rb ndl 26mm, V317H_36_IDA",78,0.0,20999.99664
213,Maternal/Newborn and Reproductive Health,Cesearian Section with indication (with complication),22,"Plaster, elastic adhesive 10cm x 5m_each_CMST",85,6.0,539.07
214,Maternal/Newborn and Reproductive Health,Cesearian Section with indication (with complication),22,Cannula iv (winged with injection pot) 14_each_CMST,104,2.0,102.00204
215,Maternal/Newborn and Reproductive Health,Cesearian Section with indication (with complication),22,Giving set iv administration + needle 15 drops/ml_each_CMST,80,1.0,43.99668
216,Maternal/Newborn and Reproductive Health,Cesearian Section with indication (with complication),22,"Gauze pad, 10 x 10 cm, sterile",18,12.0,14.72268
217,Maternal/Newborn and Reproductive Health,Cesearian Section with indication (with complication),22,"Ceftriaxone 1g, PFR_each_CMST",81,2.0,207.10998
218,Maternal/Newborn and Reproductive Health,Cesearian Section with indication (with complication),22,Catheter Foley's + urine bag (2000ml) 14g_each_CMST,82,1.0,115.99644
219,Maternal/Newborn and Reproductive Health,Cesearian Section with indication (with complication),22,"Pethidine, 50 mg/ml, 2 ml ampoule",32,12.0,522.77652
220,Maternal/Newborn and Reproductive Health,Cesearian Section with indication (with complication),22,Declofenac injection_each_CMST,84,14.0,20.99874
221,Maternal/Newborn and Reproductive Health,Cesearian Section with indication (with complication),22,"Syringe, 50ml, disposable, with 19g needle_each_CMST",100,2.0,182.91252
222,Maternal/Newborn and Reproductive Health,Cesearian Section with indication (with complication),22,"Metronidazole 5mg/ml, 100ml_each_CMST",105,6.0,215.34954
223,Maternal/Newborn and Reproductive Health,Cesearian Section with indication (with complication),22,"Ampicillin injection 500mg, PFR_each_CMST",86,12.0,118.4526
224,Maternal/Newborn and Reproductive Health,Cesearian Section with indication (with complication),22,"Gentamicin Sulphate 40mg/ml, 2ml_each_CMST",106,12.0,27.00348
225,Maternal/Newborn and Reproductive Health,Cesearian Section with indication (with complication),22,Metronidazole 200mg_1000_CMST,92,1.764,5271.83328
226,Maternal/Newborn and Reproductive Health,Cesearian Section with indication (with complication),22,"Syringe, 5ml, disposable, hypoluer with 21g needle_each_CMST",107,40.0,149.98284
227,Maternal/Newborn and Reproductive Health,Vaginal delivery - skilled attendance,23,Glove disposable powdered latex large_100_CMST,72,2.0,50.32986
228,Maternal/Newborn and Reproductive Health,Vaginal delivery - skilled attendance,23,"Gauze, swabs 8-ply 10cm x 10cm_100_CMST",75,0.2,17.14314
229,Maternal/Newborn and Reproductive Health,Vaginal delivery - skilled attendance,23,Cotton swab,24,20.0,1.9992
230,Maternal/Newborn and Reproductive Health,Vaginal delivery - skilled attendance,23,"umbilical cord clamp, disposable_50_IDA",108,1.0,26.26806
231,Maternal/Newborn and Reproductive Health,Vaginal delivery - skilled attendance,23,Filter paper No. 1_100_CMST,109,0.01,370.00194
232,Maternal/Newborn and Reproductive Health,Vaginal delivery - skilled attendance,23,"Apron, disposable, polythene_100_CMST",110,1.0,74.19888
233,Maternal/Newborn and Reproductive Health,Vaginal delivery - skilled attendance,23,"Oxytocin 10 IU/ml, 1ml_each_CMST",102,1.0,39.24144
234,Maternal/Newborn and Reproductive Health,Vaginal delivery - skilled attendance,23,"Syringe, 20ml, disposable with 21g needle_each_CMST",111,1.0,182.94822
235,Maternal/Newborn and Reproductive Health,Vaginal delivery - skilled attendance,23,Chlorhexidine 1.5% solution_5_CMST,74,0.1,12183.18906
236,Maternal/Newborn and Reproductive Health,Vaginal delivery - skilled attendance,23,Cannula iv  (winged with injection pot) 20_each_CMST,79,1.0,118.43832
237,Maternal/Newborn and Reproductive Health,Vaginal delivery - skilled attendance,23,"Cotton wool, 500g_1_CMST",49,1.0,416.99742
238,Maternal/Newborn and Reproductive Health,Vaginal delivery - skilled attendance,23,"surgical face mask, disp., with metal nose piece_50_IDA",88,0.02,833.00238
239,Maternal/Newborn and Reproductive Health,Vaginal delivery - skilled attendance,23,"Ampicillin injection 500mg, PFR_each_CMST",86,2.0,118.4526
240,Maternal/Newborn and Reproductive Health,Vaginal delivery - skilled attendance,23,Glove surgeon's size 7 sterile_2_CMST,112,4.0,137.45928
241,Maternal/Newborn and Reproductive Health,Vaginal delivery - skilled attendance,23,Paracetamol 500mg_1000_CMST,113,1.0,4.16262
242,Maternal/Newborn and Reproductive Health,Vaginal delivery - skilled attendance,23,Catheter Foley's suction 53cm FG 10_each_CMST,114,1.0,71.99976
243,Maternal/Newborn and Reproductive Health,Vaginal Delivery - with complication,24,Cannula iv  (winged with injection pot) 20_each_CMST,79,2.0,118.43832
244,Maternal/Newborn and Reproductive Health,Vaginal Delivery - with complication,24,Glove disposable powdered latex large_100_CMST,72,0.2,50.32986
245,Maternal/Newborn and Reproductive Health,Vaginal Delivery - with complication,24,"Gauze, swabs 8-ply 10cm x 10cm_100_CMST",75,0.3,17.14314
246,Maternal/Newborn and Reproductive Health,Vaginal Delivery - with complication,24,Cotton swab,24,20.0,1.9992
247,Maternal/Newborn and Reproductive Health,Vaginal Delivery - with complication,24,"umbilical cord clamp, disposable_50_IDA",108,1.0,26.26806
248,Maternal/Newborn and Reproductive Health,Vaginal Delivery - with complication,24,"Apron, disposable, polythene_100_CMST",110,1.0,74.19888
249,Maternal/Newborn and Reproductive Health,Vaginal Delivery - with complication,24,"Oxytocin, injection, 10 IU in 1 ml ampoule",56,5.0,39.24144
250,Maternal/Newborn and Reproductive Health,Vaginal Delivery - with complication,24,"Syringe, 20ml, disposable with 21g needle_each_CMST",111,4.0,182.94822
251,Maternal/Newborn and Reproductive Health,Vaginal Delivery - with complication,24,Chlorhexidine 1.5% solution_5_CMST,74,0.01,12183.18906
252,Maternal/Newborn and Reproductive Health,Vaginal Delivery - with complication,24,Needle suture abdominal straight 10cm_6_CMST,115,2.0,115.99644
253,Maternal/Newborn and Reproductive Health,Vaginal Delivery - with complication,24,"Bandage, plaster of paris 15cm_12_CMST",103,0.2,1688.0031
254,Maternal/Newborn and Reproductive Health,Vaginal Delivery - with complication,24,"Lignocaine 2% Adrenaline 1/80,000 cartridge 1.8ml_50_CMST",116,0.1,216.45624
255,Maternal/Newborn and Reproductive Health,Vaginal Delivery - with complication,24,Catheter Foley's + urine bag (2000ml) 14g_each_CMST,82,1.0,115.99644
256,Maternal/Newborn and Reproductive Health,Vaginal Delivery - with complication,24,"Pethidine hydrochloride 50mg/1ml, 2ml_each_CMST",83,1.0,522.77652
257,Maternal/Newborn and Reproductive Health,Clean practices and immediate essential newborn care (in facility),25,Clean delivery kit,117,1.0,977.63736
258,Maternal/Newborn and Reproductive Health,Antenatal corticosteroids for preterm labour,26,"Dexamethasone, 1 ml injection, 4 mg/ml",118,6.0,128.72706
259,Maternal/Newborn and Reproductive Health,Antenatal corticosteroids for preterm labour,26,"IV giving/infusion set, with needle",34,1.0,231.84294
260,Maternal/Newborn and Reproductive Health,Antenatal corticosteroids for preterm labour,26,"Sodium chloride, injectable solution, 0,9 %, 500 ml",33,4.0,840.29946
261,Maternal/Newborn and Reproductive Health,Antenatal corticosteroids for preterm labour,26,"Syringe, needle + swab",9,2.0,7.7469
262,Maternal/Newborn and Reproductive Health,Antenatal corticosteroids for preterm labour,26,Nifedipine,119,4.0,9.91032
263,Maternal/Newborn and Reproductive Health,Antenatal corticosteroids for preterm labour,26,Cannula iv  (winged with injection pot) 16_each_CMST,120,1.0,77.34048
264,Maternal/Newborn and Reproductive Health,Antenatal corticosteroids for preterm labour,26,Saline solution,93,1.0,135.00312
265,Maternal/Newborn and Reproductive Health,Antenatal corticosteroids for preterm labour,26,Salbutamol 4mg_1000_CMST,121,0.03,2.76318
266,Maternal/Newborn and Reproductive Health,Antibiotics for pPRoM,27,"Amoxicillin, caplet, 250 mg",122,33.60000000000001,1.9992
267,Maternal/Newborn and Reproductive Health,Antibiotics for pPRoM,27,"Erythromycin, tablet, 250 mg",123,5.6000000000000005,5.9976
268,Maternal/Newborn and Reproductive Health,Antibiotics for pPRoM,27,Metronidazole 200mg_1000_CMST,92,1.0,5271.83328
269,Maternal/Newborn and Reproductive Health,Antibiotics for pPRoM,27,"Ampicillin injection 500mg, PFR_each_CMST",86,2.0,118.4526
270,Maternal/Newborn and Reproductive Health,Induction of labour (beyond 41 weeks),28,"Misoprostol, tablet, 200 mcg",26,1.0,132.33276
271,Maternal/Newborn and Reproductive Health,Induction of labour (beyond 41 weeks),28,Induction of labour (beyond 41 weeks) drugs/supplies to service a client,124,1.0,0
272,Maternal/Newborn and Reproductive Health,Maternal sepsis case management,29,"Ampicillin, powder for injection, 500 mg, vial",27,64.0,118.4526
273,Maternal/Newborn and Reproductive Health,Maternal sepsis case management,29,"Gentamycin, injection, 40 mg/ml in 2 ml vial",28,9.0,41.74758
274,Maternal/Newborn and Reproductive Health,Maternal sepsis case management,29,"Metronidazole, injection, 500 mg in 100 ml vial",29,12.0,51.48654
275,Maternal/Newborn and Reproductive Health,Maternal sepsis case management,29,"Syringe, needle + swab",9,64.0,7.7469
276,Maternal/Newborn and Reproductive Health,Maternal sepsis case management,29,"Water for injection, 5 ml ampoule",43,64.0,25.8111
277,Maternal/Newborn and Reproductive Health,Maternal sepsis case management,29,Amoxycillin 250mg_1000_CMST,125,0.18,16460.99868
278,Maternal/Newborn and Reproductive Health,Maternal sepsis case management,29,Metronidazole 200mg_1000_CMST,92,0.03,5271.83328
279,Maternal/Newborn and Reproductive Health,Maternal sepsis case management,29,"Bag, urine, collecting, 2000 ml",57,1.0,157.40844
280,Maternal/Newborn and Reproductive Health,Maternal sepsis case management,29,Foley catheter,58,1.0,306.44166
281,Maternal/Newborn and Reproductive Health,Maternal sepsis case management,29,"Gloves, surgeon’s, latex, disposable, sterile, pair",22,1.0,137.45928
282,Maternal/Newborn and Reproductive Health,Maternal sepsis case management,29,"IV giving/infusion set, with needle",34,1.0,231.84294
283,Maternal/Newborn and Reproductive Health,Maternal sepsis case management,29,"Lancet, blood, disposable",126,1.0,0.9996
284,Maternal/Newborn and Reproductive Health,Maternal sepsis case management,29,"Oxygen, 1000 liters, primarily with oxygen cylinders",127,0.375,322.99932
285,Maternal/Newborn and Reproductive Health,Maternal sepsis case management,29,"Paracetamol, tablet, 500 mg",23,8.0,4.3554
286,Maternal/Newborn and Reproductive Health,Maternal sepsis case management,29,"Sodium chloride, injectable solution, 0,9 %, 500 ml",33,24.0,840.29946
287,Maternal/Newborn and Reproductive Health,Maternal sepsis case management,29,Complete blood count,128,1.0,378.99834
288,Maternal/Newborn and Reproductive Health,Maternal sepsis case management,29,"Plaster, elastic adhesive 5cm x 5m_each_CMST",129,0.05,1451.99754
289,Maternal/Newborn and Reproductive Health,Maternal sepsis case management,29,Cannula iv  (winged with injection pot) 16_each_CMST,120,2.0,77.34048
290,Maternal/Newborn and Reproductive Health,Maternal sepsis case management,29,"Gentamicin 40mg/ml, 2ml_each_CMST",130,15.0,48.14502
291,Maternal/Newborn and Reproductive Health,Maternal sepsis case management,29,Saline solution,93,6.0,135.00312
292,Maternal/Newborn and Reproductive Health,Newborn sepsis - full supportive care,30,"Cephalotin, 100 ml vial",131,1.2,125.99958
293,Maternal/Newborn and Reproductive Health,Newborn sepsis - full supportive care,30,"Gentamycin, injection, 40 mg/ml in 2 ml vial",28,5.0,41.74758
294,Maternal/Newborn and Reproductive Health,Newborn sepsis - full supportive care,30,"IV giving/infusion set, with needle",34,0.2,231.84294
295,Maternal/Newborn and Reproductive Health,Newborn sepsis - full supportive care,30,"Oxygen, 1000 liters, primarily with oxygen cylinders",127,0.0,322.99932
296,Maternal/Newborn and Reproductive Health,Newborn sepsis - full supportive care,30,"Plaster, elastic adhesive 10cm x 5m_each_CMST",85,0.0025,539.07
297,Maternal/Newborn and Reproductive Health,Newborn sepsis - full supportive care,30,"Amoxicillin, powder/oral suspension, 125 mg/5 ml",70,0.01,3.9984
298,Maternal/Newborn and Reproductive Health,Newborn sepsis - full supportive care,30,"Ampicillin injection 250mg, PFR_each_CMST",132,7.0,118.4526
299,Maternal/Newborn and Reproductive Health,Newborn sepsis - full supportive care,30,Cannula iv  (winged with injection pot) 16_each_CMST,120,2.0,77.34048
300,Maternal/Newborn and Reproductive Health,Newborn sepsis - full supportive care,30,"Dextrose (glucose) 5%, 1000ml_each_CMST",133,2.0,1041.19764
301,Maternal/Newborn and Reproductive Health,Newborn sepsis - full supportive care,30,"Tube, feeding CH 8_each_CMST",134,1.0,401.11092
302,Maternal/Newborn and Reproductive Health,Newborn sepsis - full supportive care,30,"Gentamicin 40mg/ml, 2ml_each_CMST",130,0.0,48.14502
303,Maternal/Newborn and Reproductive Health,Newborn sepsis - full supportive care,30,"Disposables gloves, powder free, 100 pieces per box",135,0.3,5032.80036
304,Maternal/Newborn and Reproductive Health,Newborn sepsis - full supportive care,30,Paracetamol syrup 120mg/5ml_0.0119047619047619_CMST,71,1.0,869.28072
305,Maternal/Newborn and Reproductive Health,Newborn sepsis - full supportive care,30,"Syringes, single use, 20 ml, 100 pieces per pack",136,3.0,182.94822
306,Maternal/Newborn and Reproductive Health,Newborn sepsis - full supportive care,30,"Water for injection, 10ml_Each_CMST",98,7.0,32.57268
307,Maternal/Newborn and Reproductive Health,Newborn sepsis - injectable antibiotics,31,"Gentamycin, injection, 40 mg/ml in 2 ml vial",28,5.0,41.74758
308,Maternal/Newborn and Reproductive Health,Newborn sepsis - injectable antibiotics,31,"Procaine benzylpenicillin, powder for injection, 1 g (= 1 million IU) in vial",137,1.0,320.50746
309,Maternal/Newborn and Reproductive Health,Mastitis,32,"Erythromycin, tablet, 250 mg",123,40.0,5.9976
310,Maternal/Newborn and Reproductive Health,Treatment of postpartum hemorrhage,33,"Albendazole, tablet, 400 mg",52,0.25,63.7602
311,Maternal/Newborn and Reproductive Health,Treatment of postpartum hemorrhage,33,"Lancet, blood, disposable",126,1.0,0.9996
312,Maternal/Newborn and Reproductive Health,Treatment of postpartum hemorrhage,33,"Test, hemoglobin",138,1.0,0
313,Maternal/Newborn and Reproductive Health,Treatment of postpartum hemorrhage,33,Saline solution,93,6.0,135.00312
314,Maternal/Newborn and Reproductive Health,Treatment of postpartum hemorrhage,33,Complete blood count,128,1.0,378.99834
315,Maternal/Newborn and Reproductive Health,Treatment of postpartum hemorrhage,33,Haemoglobin test (HB),50,1.0,78.99696
316,Maternal/Newborn and Reproductive Health,Treatment of postpartum hemorrhage,33,"Ampicillin, powder for injection, 500 mg, vial",27,6.4,118.4526
317,Maternal/Newborn and Reproductive Health,Treatment of postpartum hemorrhage,33,"Gentamycin, injection, 40 mg/ml in 2 ml vial",28,1.2000000000000002,41.74758
318,Maternal/Newborn and Reproductive Health,Treatment of postpartum hemorrhage,33,"IV giving/infusion set, with needle",34,0.1,231.84294
319,Maternal/Newborn and Reproductive Health,Treatment of postpartum hemorrhage,33,"Metronidazole, injection, 500 mg in 100 ml vial",29,1.2000000000000002,51.48654
320,Maternal/Newborn and Reproductive Health,Treatment of postpartum hemorrhage,33,"Sodium chloride, injectable solution, 0,9 %, 500 ml",33,0.8,840.29946
321,Maternal/Newborn and Reproductive Health,Treatment of postpartum hemorrhage,33,"Water for injection, 5 ml ampoule",43,6.4,25.8111
322,Maternal/Newborn and Reproductive Health,Treatment of postpartum hemorrhage,33,Cotton swab,24,0.5,1.9992
323,Maternal/Newborn and Reproductive Health,Treatment of postpartum hemorrhage,33,"Diazepam, injection, 5 mg/ml, in 2 ml ampoule",15,0.5,130.47636
324,Maternal/Newborn and Reproductive Health,Treatment of postpartum hemorrhage,33,"Lidocaine, injection, 1 % in 20 ml vial",16,0.5,149.99712
325,Maternal/Newborn and Reproductive Health,Treatment of postpartum hemorrhage,33,"Needle, suture, assorted sizes, round body",19,1.5,600.00276
326,Maternal/Newborn and Reproductive Health,Treatment of postpartum hemorrhage,33,"Pethidine, 50 mg/ml, 2 ml ampoule",32,0.5,522.77652
327,Maternal/Newborn and Reproductive Health,Treatment of postpartum hemorrhage,33,"Povidone iodine, solution, 10 %, 5 ml per injection",5,0.5,2.00634
328,Maternal/Newborn and Reproductive Health,Treatment of postpartum hemorrhage,33,"Suture, catgut, chromic, 0, 150 cm",20,1.0,3744.0018
329,Maternal/Newborn and Reproductive Health,Treatment of postpartum hemorrhage,33,"Suture, non-absorbable, synthetic, 2/0, needle",139,0.5,34.00068
330,Maternal/Newborn and Reproductive Health,Treatment of postpartum hemorrhage,33,"Ferrous Salt + Folic Acid, tablet, 200 + 0.25 mg",140,45.0,1.79214
331,Maternal/Newborn and Reproductive Health,Treatment of postpartum hemorrhage,33,"Ferrous Salt + Folic Acid, tablet, 200 + 0.25 mg",140,45.0,1.79214
332,Maternal/Newborn and Reproductive Health,Treatment of postpartum hemorrhage,33,"Ferrous Salt + Folic Acid, tablet, 200 + 0.25 mg",140,135.0,1.79214
333,Maternal/Newborn and Reproductive Health,Treatment of postpartum hemorrhage,33,"Oxytocin, injection, 10 IU in 1 ml ampoule",56,3.0,39.24144
334,Maternal/Newborn and Reproductive Health,Treatment of postpartum hemorrhage,33,"Bag, urine, collecting, 2000 ml",57,1.0,157.40844
335,Maternal/Newborn and Reproductive Health,Treatment of postpartum hemorrhage,33,"Blood, one unit",141,0.5,0
336,Maternal/Newborn and Reproductive Health,Treatment of postpartum hemorrhage,33,Foley catheter,58,1.0,306.44166
337,Maternal/Newborn and Reproductive Health,Treatment of postpartum hemorrhage,33,"Gloves, surgeon’s, latex, disposable, sterile, pair",22,4.0,137.45928
338,Maternal/Newborn and Reproductive Health,Treatment of postpartum hemorrhage,33,"IV giving/infusion set, with needle",34,1.0,231.84294
339,Maternal/Newborn and Reproductive Health,Treatment of postpartum hemorrhage,33,"Oxytocin, injection, 10 IU in 1 ml ampoule",56,1.0,39.24144
340,Maternal/Newborn and Reproductive Health,Treatment of postpartum hemorrhage,33,"Sodium lactate injection (Ringer's), 500 ml, with giving set",35,2.0,808.94772
341,Maternal/Newborn and Reproductive Health,Treatment of postpartum hemorrhage,33,"Syringe, needle + swab",9,1.0,7.7469
342,Maternal/Newborn and Reproductive Health,Treatment of postpartum hemorrhage,33,"Plaster, elastic adhesive 10cm x 5m_each_CMST",85,0.05,539.07
343,Maternal/Newborn and Reproductive Health,Treatment of postpartum hemorrhage,33,Cannula iv  (winged with injection pot) 16_each_CMST,120,2.0,77.34048
344,Maternal/Newborn and Reproductive Health,Treatment of postpartum hemorrhage,33,"surgical face mask, disp., with metal nose piece_50_IDA",88,0.06,833.00238
345,Maternal/Newborn and Reproductive Health,Treatment of postpartum hemorrhage,33,"gauze compresses 5 x 5 cm ,12 ply, non sterile_100_IDA",142,1.0,295.00338
346,Maternal/Newborn and Reproductive Health,Treatment of postpartum hemorrhage,33,"Disposables gloves, powder free, 100 pieces per box",135,0.05,5032.80036
347,Maternal/Newborn and Reproductive Health,Chlorhexidine ,34,Chlorhexidine digluconate (10 ml bottle) ,143,1.0,53.99982
348,Child Health,Hand washing with soap,35,Hand washing with soap - cost per client,144,1.0,143.64966
349,Child Health,Hygienic disposal of children's stools,36,Hygienic disposal of children's stools - cost per client,145,1.0,3830.7885
350,Child Health,ORS,37,"ORS, sachet",146,3.0,12.00234
351,Child Health,Zinc for Children 0-6 months,38,"Zinc, tablet, 20 mg",147,7.0,9.639
352,Child Health,Zinc for Children 6-59 months,39,"Zinc, tablet, 20 mg",147,14.0,9.639
353,Child Health,Antibiotics for treatment of dysentery,40,Ciprofloxacin 250mg_100_CMST,148,12.0,16.20066
354,Child Health,Antibiotics for treatment of dysentery,40,Paracetamol syrup 120mg/5ml_0.0119047619047619_CMST,71,6.0,869.28072
355,Child Health,Treatment of severe diarrhea,41,"ORS, sachet",146,3.0,12.00234
356,Child Health,Treatment of severe diarrhea,41,Giving set iv administration + needle 15 drops/ml_each_CMST,80,1.0,43.99668
357,Child Health,Treatment of severe diarrhea,41,Saline solution,93,1.0,135.00312
358,Child Health,Treatment of severe diarrhea,41,Cotton swab,24,1.0,1.9992
359,Child Health,Treatment of severe diarrhea,41,"ringer's lactate (Hartmann's solution), 1000 ml_12_IDA",149,0.08333,1309.02618
360,Vaccine Preventable Diseases,Rotavirus vaccine,42,Rotavirus vaccine,150,4.0,395.97726
361,Vaccine Preventable Diseases,Polio vaccine,43,Polio vaccine,151,4.0,20.66316
362,Vaccine Preventable Diseases,BCG vaccine,44,BCG vaccine,152,1.0,12.03804
363,Vaccine Preventable Diseases,BCG vaccine,44,"Syringe, autodisposable, BCG, 0.1 ml, with needle",153,1.0,110.96988
364,Vaccine Preventable Diseases,BCG vaccine,44,"Safety box for used syringes/needles, 5 liter",154,1.0,11.45256
365,Vaccine Preventable Diseases,Pneumococcal vaccine,45,Pneumococcal vaccine,155,3.0,526.56786
366,Vaccine Preventable Diseases,Pneumococcal vaccine,45,"Syringe, 50ml, disposable, with 19g needle_each_CMST",100,3.0,182.91252
367,Vaccine Preventable Diseases,Pneumococcal vaccine,45,"Syringe, auto-disposable, 0.5 ml, with needle",156,3.0,7.9968
368,Vaccine Preventable Diseases,HPV vaccine,46,"Syringe, auto-disposable, 0.5 ml, with needle",156,3.0,7.9968
369,Vaccine Preventable Diseases,HPV vaccine,46,"Safety box for used syringes/needles, 5 liter",154,3.0,11.45256
370,Vaccine Preventable Diseases,HPV vaccine,46,HPV vaccine,157,3.0,151.99632
371,Vaccine Preventable Diseases,Measles rubella vaccine,47,Measles vaccine,158,2.0,41.01216
372,Vaccine Preventable Diseases,Measles rubella vaccine,47,"Safety box for used syringes/needles, 5 liter",154,2.0,11.45256
373,Vaccine Preventable Diseases,Measles rubella vaccine,47,"Syringe, 50ml, disposable, with 19g needle_each_CMST",100,2.0,182.91252
374,Malaria ,Larviciding,48,Larviciding,159,1.0,256853003.4
375,Malaria ,ITN distribution to pregnant women,49,Insecticide-treated net,160,0.33299999999999996,677.02194
376,Malaria ,Indoor residual spraying drugs,50,Indoor residual spraying drugs/supplies to service a client,161,1.0,4998
377,Malaria ,IPT (pregnant women),51,"Sulfamethoxazole + trimethropin, tablet 400 mg + 80 mg",162,6.0,21.42
378,Malaria ,"Uncomplicated (adult, <36 kg) ",52,Malaria test kit (RDT),163,1.0,292.74
379,Malaria ,"Uncomplicated (adult, <36 kg) ",52,"Lumefantrine 120mg/Artemether 20mg,  30x18_540_CMST",164,3.0,299.88
380,Malaria ,"Uncomplicated (adult, <36 kg) ",52,Paracetamol 500mg_1000_CMST,113,18.0,4.16262
381,Malaria ,"Uncomplicated (adult, >36 kg)",53,Malaria test kit (RDT),163,1.0,292.74
382,Malaria ,"Uncomplicated (adult, >36 kg)",53,"Lumefantrine 120mg/Artemether 20mg,  30x18_540_CMST",164,3.61905,299.88
383,Malaria ,"Uncomplicated (adult, >36 kg)",53,Paracetamol 500mg_1000_CMST,113,18.0,4.16262
384,Malaria ,"Uncomplicated - 2nd line (adult, <36 kg)",54,ASAQ (Artesunate + Amodiaquine) 100 + 270 mg,165,1.0,585.48
385,Malaria ,"Uncomplicated - 2nd line (adult, >36 kg)",55,ASAQ (Artesunate + Amodiaquine) 100 + 270 mg,165,1.0,585.48
386,Malaria ,"Uncomplicated (children, <15 kg)",56,Malaria test kit (RDT),163,1.0,292.74
387,Malaria ,"Uncomplicated (children, <15 kg)",56,"Lumefantrine 120mg/Artemether 20mg,  30x18_540_CMST",164,1.0,299.88
388,Malaria ,"Uncomplicated (children, <15 kg)",56,Paracetamol syrup 120mg/5ml_0.0119047619047619_CMST,71,18.0,869.28072
389,Malaria ,"Uncomplicated (children, >15 kg)",57,Malaria test kit (RDT),163,1.0,292.74
390,Malaria ,"Uncomplicated (children, >15 kg)",57,"Lumefantrine 120mg/Artemether 20mg,  30x18_540_CMST",164,3.0,299.88
391,Malaria ,"Uncomplicated (children, >15 kg)",57,Paracetamol syrup 120mg/5ml_0.0119047619047619_CMST,71,18.0,869.28072
392,Malaria ,"Uncomplicated - 2nd line (children, <15 kg)",58,artesunate 25mg + amodiaquine 67.5mg tab_25X3 _IDA,166,1.0,171.36
393,Malaria ,"Uncomplicated - 2nd line (children, >15 kg)",59,ASAQ (Artesunate + Amodiaquine) 50 + 135 Mg,167,1.0,228.48
394,Malaria ,First trimester - uncomplicated,60,Quinine sulphate 300mg_1000_CMST,168,42.0,35.7
395,Malaria ,First trimester - uncomplicated,60,"Clindamycin, tabcap, 300 mg",169,42.0,49.98
396,Malaria ,First trimester - uncomplicated,60,Paracetamol 500mg_1000_CMST,113,4.5,4.16262
397,Malaria ,Second trimester - uncomplicated,61,"Lumefantrine 120mg/Artemether 20mg,  30x18_540_CMST",164,3.0,299.88
398,Malaria ,Second trimester - uncomplicated,61,Paracetamol 500mg_1000_CMST,113,18.0,4.16262
399,Malaria ,"Complicated (adults, injectable artesunate)",62,Injectable artesunate,170,1.0,1406.58
400,Malaria ,"Complicated (adults, injectable artesunate)",62,Cannula iv  (winged with injection pot) 18_each_CMST,171,3.0,130.07652
401,Malaria ,"Complicated (adults, injectable artesunate)",62,Glove disposable latex medium_100_CMST,172,3.0,24.57588
402,Malaria ,"Complicated (adults, injectable artesunate)",62,"Gauze, swabs 8-ply 10cm x 10cm_100_CMST",75,3.0,17.14314
403,Malaria ,"Complicated (adults, injectable artesunate)",62,"Water for injection, 10ml_Each_CMST",98,3.0,32.57268
404,Malaria ,"Complicated (children, injectable artesunate)",63,Injectable artesunate,170,0.25,1406.58
405,Malaria ,"Complicated (children, injectable artesunate)",63,Cannula iv  (winged with injection pot) 18_each_CMST,171,3.0,130.07652
406,Malaria ,"Complicated (children, injectable artesunate)",63,Glove disposable latex medium_100_CMST,172,3.0,24.57588
407,Malaria ,"Complicated (children, injectable artesunate)",63,"Gauze, swabs 8-ply 10cm x 10cm_100_CMST",75,3.0,17.14314
408,Malaria ,"Complicated (children, injectable artesunate)",63,"Water for injection, 10ml_Each_CMST",98,3.0,32.57268
409,Malaria ,Pregnant women - complicated,64,"Quinine dihydrochloride 300mg/ml, 2ml_each_CMST",173,6.0,211.35828
410,Malaria ,Pregnant women - complicated,64,Giving set iv administration + needle 15 drops/ml_each_CMST,80,1.0,43.99668
411,Malaria ,Pregnant women - complicated,64,Cannula iv  (winged with injection pot) 18_each_CMST,171,1.0,130.07652
412,Malaria ,Pregnant women - complicated,64,Bags syringe sterilization 15cm_1000_CMST,174,1.0,993.00264
413,Malaria ,Pregnant women - complicated,64,Quinine sulphate 300mg_1000_CMST,168,21.0,35.7
414,Malaria ,Pregnant women - complicated,64,"Clindamycin, tabcap, 300 mg",169,21.0,49.98
415,Malaria ,Pregnant women - complicated,64,"Dextrose (glucose) 5%, 1000ml_each_CMST",133,1.0,1041.19764
416,Tuberculosis,VCT for TB patients,65,HIV EIA Elisa test,48,1.0,120.35898
417,Tuberculosis,First line treatment for new TB cases for adults,66,X-ray,175,1.0,182.51982
418,Tuberculosis,First line treatment for new TB cases for adults,66,Cat. I & III Patient Kit A,176,1.0,14328.195
419,Tuberculosis,First line treatment for retreatment TB cases for adults,67,X-ray,175,1.0,182.51982
420,Tuberculosis,First line treatment for retreatment TB cases for adults,67,Cat. II Patient Kit A1,177,1.0,62248.305
421,Tuberculosis,First line treatment for new TB cases for children,68,X-ray,175,2.0,182.51982
422,Tuberculosis,First line treatment for new TB cases for children,68,Cat. I & III Patient Kit B,178,1.0,24188.0352
423,Tuberculosis,First line treatment for retreatment TB cases for children,69,Cat. II Patient Kit A2,179,1.0,54397.6608
424,Tuberculosis,First line treatment for retreatment TB cases for children,69,X-ray,175,1.0,182.51982
425,Tuberculosis,MDR notification among new patients,70,X-ray,175,0.01,182.51982
426,Tuberculosis,MDR notification among new patients,70,Category IV,180,1.0,2031548.11272
427,Tuberculosis,MDR notification among previously treated patients,71,X-ray,175,0.01,182.51982
428,Tuberculosis,MDR notification among previously treated patients,71,Category IV,180,1.0,2031548.11272
429,Tuberculosis,Case management of MDR cases,72,Treatment: second-line drugs,181,1.0,346030.9965
430,Tuberculosis,Case management of MDR cases,72,MDR Fuel,182,1.0,276347.03124
431,Tuberculosis,Care and support for TB HIV+ patients,73,Care and support for TB HIV+ patients,183,1.0,149.99712
432,Tuberculosis,Microscopy Test,74,Solid culture and DST,184,1.0,9887.5791
433,Tuberculosis,LED test,75,Fluorescent stain,185,1.0,176.49366
434,Tuberculosis,ZN test,76,ZN Stain,186,1.0,203.98266
435,Tuberculosis,Xpert test,77,Xpert,187,1.0,7125.70572
436,Tuberculosis,MGIT test,78,MGIT960 Culture and DST,188,1.0,23012.22
437,Tuberculosis,LGA test,79,Line Probe Assay,189,1.0,149.99712
438,HIV/AIDS,Viral Load,80,VL Test,190,1.0,5537.9982
439,HIV/AIDS,CD4 Test,81,CD4 test,191,4.0,3403.23102
440,HIV/AIDS,Isoniazid preventative therapy for HIV+ no TB,82,"Isoniazid/Pyridoxine, tablet 300 mg",192,1.0,1094.4192
441,HIV/AIDS,Chemistry and hematology,83,Chemistry and hematology,193,1.0,1406.58
442,HIV/AIDS,Interventions focused on female sex workers ,84,Interventions focused on sex workers and their clients drugs/supplies to service a client,194,1.0,21177.58986
443,HIV/AIDS,Interventions focused on male sex workers ,85,Interventions focused on sex workers and their clients drugs/supplies to service a client,194,1.0,21177.58986
444,HIV/AIDS,Interventions focused on men who have sex with men ,86,Interventions focused on men who have sex with men drugs/supplies to service a client,195,1.0,28234.50168
445,HIV/AIDS,HIV Testing Services,87,"Test, HIV EIA Elisa",196,1.0,3430.67718
446,HIV/AIDS,Condoms,88,"Condom, male",2,5.0,20.97018
447,HIV/AIDS,Condoms,88,"Condom, male",2,10.0,20.97018
448,HIV/AIDS,Condoms,88,"Condom, male",2,50.0,20.97018
449,HIV/AIDS,Condoms,88,"Condom, male",2,40.0,20.97018
450,HIV/AIDS,Male circumcision ,89,"Test, HIV EIA Elisa",196,0.0,3430.67718
451,HIV/AIDS,Male circumcision ,89,"male circumcision kit, consumables (10 procedures)_1_IDA",197,1.0,669.41784
452,HIV/AIDS,PMTCT,90,"Blood collecting tube, 5 ml",40,1.0,122.42958
453,HIV/AIDS,PMTCT,90,"Gloves, exam, latex, disposable, pair",4,0.0,31.90866
454,HIV/AIDS,PMTCT,90,HIV EIA Elisa test,48,2.0,120.35898
455,HIV/AIDS,PMTCT,90,"Syringe, needle + swab",9,0.0,7.7469
456,HIV/AIDS,PMTCT,90,"Nevirapine, oral solution, 10 mg/ml",198,0.0,1870.65858
457,HIV/AIDS,PMTCT,90,"Nevirapine, tablet, 200 mg",199,0.0,27.3819
458,HIV/AIDS,PMTCT,90,DNA PCR for infant after birth,200,1.0,7705.2024
459,HIV/AIDS,PMTCT,90,"Blood collecting tube, 5 ml",40,1.0,122.42958
460,HIV/AIDS,PMTCT,90,"Gloves, exam, latex, disposable, pair",4,1.0,31.90866
461,HIV/AIDS,PMTCT,90,HIV EIA Elisa test,48,0.0,120.35898
462,HIV/AIDS,PMTCT,90,"Syringe, needle + swab",9,0.0,7.7469
463,HIV/AIDS,PMTCT,90,"Nevirapine, oral solution, 10 mg/ml",198,0.0,1870.65858
464,PMTCT,PMTCT,90,"Nevirapine, oral solution, 10 mg/ml",198,0.0,1870.65858
465,PMTCT,PMTCT,90,"Nevirapine, tablet, 200 mg",199,0.0,27.3819
466,PMTCT,PMTCT,90,"Zidovudine (AZT), capsule, 300 mg",201,0.0,90.17106
467,PMTCT,PMTCT,90,"Zidovudine (AZT), capsule, 300 mg",201,0.0,90.17106
468,PMTCT,PMTCT,90,"Zidovudine (AZT), capsule, 300 mg",201,0.0,90.17106
469,PMTCT,Cotrimoxazole for children,91,"Sulfamethoxazole + trimethropin, oral suspension, 240 mg, 100 ml",202,0.0,322.71372
470,PMTCT,Cotrimoxazole for children,91,"Sulfamethoxazole + trimethropin, tablet 400 mg + 80 mg",162,0.0,21.42
471,PMTCT,Cotrimoxazole for children,91,Cotrimoxazole 120mg_1000_CMST,203,1.0,3734.22
472,PMTCT,Management of opportunistic infections associated with HIV/AIDS,92,"Cotrimoxizole, 960mg pppy",204,730.0,6.99006
473,PMTCT,Nutrition supplements in first 6 months for HIV/AIDS cases ,93,Nutrition supplements in first six months drugs/supplies to service a client,205,1.0,2344.419
474,PMTCT,Screen HIV+ cases for TB,94,X-ray,175,1.0,182.51982
475,PMTCT,Screen HIV+ cases for TB,94,Culture test,206,0.8999999999999999,9887.5791
476,PMTCT,Screen HIV+ cases for TB,94,Smear test,207,3.0,203.98266
477,PMTCT,ART (+CPT) for TB HIV+ patients,95,"Cotrimoxizole, 960mg pppy",204,730.0,6.99006
478,PMTCT,HIV prevention for TB patients,96,"Condom, male",2,1.0,20.97018
479,Nutrition,Nutritional care and support (HIV+ pregnant and lactating women),97,Corn Soya Blend (or Supercereal - CSB++),208,36.0,856.8
480,Nutrition,Vitamin A supplementation in pregnant women,98,"Vitamin A, caplet, 100,000 IU",209,84.0,19.89204
481,Nutrition,Daily iron and folic acid supplementation (pregnant women),99,"Ferrous Salt + Folic Acid, tablet, 200 + 0.25 mg",140,270.0,1.79214
482,Nutrition,Management of moderate acute malnutrition (pregnant and lactating women),100,Vegetable oil,210,3.5999999999999996,703.29
483,Nutrition,Management of moderate acute malnutrition (pregnant and lactating women),100,Corn Soya Blend (or Supercereal - CSB++),208,36.0,856.8
484,Nutrition,Nutrition care and support program for Individuals with TB or other chronic diseases,101,Corn Soya Blend (or Supercereal - CSB++),208,24.48,856.8
485,Nutrition,Nutrition care and support program for Individuals with TB or other chronic diseases,101,Vegetable oil,210,2.4480000000000004,703.29
486,Nutrition,Nutrition care and support program for Individuals with TB or other chronic diseases,101,"Ready-to-use therapeutic food (RUTF), tablet",211,115.19999999999999,20.08482
487,Nutrition,Vitamin A supplementation in infants and children 6-59 months,102,"Vitamin A, caplet, 100,000 IU",209,0.2,19.89204
488,Nutrition,Vitamin A supplementation in infants and children 6-59 months,102,"Vitamin A, caplet, 200,000 IU",212,3.2,19.89204
489,Nutrition,Deworming (children) for Children 12-23 months,103,"Albendazole, tablet, 400 mg",52,1.0,63.7602
490,Nutrition,Deworming (children),104,"Albendazole, tablet, 400 mg",52,1.86,63.7602
491,Nutrition,Management of moderate acute malnutrition (children),105,Corn Soya Blend (or Supercereal - CSB++),208,36.0,856.8
492,Nutrition,Management of severe malnutrition (children),106,SAM theraputic foods,213,1.0,48625.87044
493,Nutrition,Management of severe malnutrition (children),106,SAM medicines,214,1.0,15988.82334
494,Non-communicable diseases,Treatment of cases with rheumatic heart disease ,107,"Penicillin G Benzathine, 1440 mg",215,30.0,268.19982
495,Non-communicable diseases,Screening for risk of CVD/Diabetes,108,Blood glucose level test,216,0.3,685.99692
496,Non-communicable diseases,Screening for risk of CVD/Diabetes,108,Cholesterol test,217,0.3,685.99692
497,Non-communicable diseases,Screening for risk of CVD/Diabetes,108,Urine analysis,47,0.3,627.9987
498,Non-communicable diseases,Screening for risk of CVD/Diabetes,108,Urine sugar analysis,218,1.0,230.00082
499,Non-communicable diseases,Hypertension,109,"Enalapril, tablet, 20 mg",219,72.0,9.48906
500,Non-communicable diseases,Hypertension,109,Nifedipine 10mg_100_CMST,220,288.0,3.12018
501,Non-communicable diseases,Hypertension,109,Hydrochlorothiazide 25mg_1000_CMST,221,360.0,2.12058
502,Non-communicable diseases,Hypertension,109,Methyldopa 250mg_1000_CMST,222,108.00000000000001,25.01856
503,Non-communicable diseases,Hypertension,109,Hydralazine 25mg_100_CMST,223,0.0,915.99774
504,Non-communicable diseases,Hypertension,109,"Hydralazine, powder for injection, 20 mg ampoule",60,0.25,676.85058
505,Non-communicable diseases,Hypertension,109,Atenolol 100mg_1000_CMST,224,108.0,6.59736
506,Non-communicable diseases,Hypertension,109,Frusemide 40mg_1000_CMST,225,0.0002,2630.61162
507,Non-communicable diseases,Hypertension,109,Aspirin 300mg_1000_CMST,226,0.09,3034.77132
508,Non-communicable diseases,Diabetes Type I,110,"Insulin soluble 100 IU/ml, 10ml_each_CMST",227,12.0,3336.3792
509,Non-communicable diseases,Diabetes Type I,110,"Insulin zinc suspension (lente) 100 IU/ml, 10ml_each_CMST",228,24.0,3357.0495
510,Non-communicable diseases,Diabetes Type I,110,Creatinine  test kit-Human_ 200ml  _CMST,229,1.0,24000.0033
511,Non-communicable diseases,Diabetes Type I,110,Albumin test kit  (HUMAN)_ 1000ml  _CMST,230,1.0,34670.74758
512,Non-communicable diseases,Diabetes Type I,110,"Syringe, NSEP, 1 cc",231,1.0,264.18
513,Non-communicable diseases,Diabetes Type I,110,Glove disposable latex medium_100_CMST,172,1.0,24.57588
514,Non-communicable diseases,Diabetes Type II,111,Glibenclamide 5mg_1000_CMST,232,1080.0,3.59856
515,Non-communicable diseases,Diabetes Type II,111,Metformin hydrochloride 500mg_100_CMST,233,1080.0,10.26018
516,Non-communicable diseases,Diabetes Type II,111,Blood glucose level test,216,1.0,685.99692
517,Non-communicable diseases,Diabetes Type II,111,Albumin test kit  (HUMAN)_ 1000ml  _CMST,230,1.0,34670.74758
518,Non-communicable diseases,Diabetes Type II,111,Creatinine  test kit-Human_ 200ml  _CMST,229,1.0,24000.0033
519,Non-communicable diseases,High cholesterol,112,"Simvastatin, 15 mg",234,24.0,223.99608
520,Non-communicable diseases,High cholesterol,112,Creatinine  test kit-Human_ 200ml  _CMST,229,1.0,24000.0033
521,Non-communicable diseases,High cholesterol,112,Albumin test kit  (HUMAN)_ 1000ml  _CMST,230,1.0,34670.74758
522,Non-communicable diseases,Ischemic heart disease,113,Aspirin 300mg_1000_CMST,226,0.03,3034.77132
523,Non-communicable diseases,Screening: Mammography,114,X-ray film,235,4.0,420.3318
524,Non-communicable diseases,Screening: Mammography,114,X-ray film chemistry,236,1.0,47.45958
525,Non-communicable diseases,Breast Cancer (first line),115,Cyclophosphamide 1000mg Injection,237,6.0,2065.7091
526,Non-communicable diseases,Breast Cancer (first line),115,"Doxorubicin, 50 mg vial",238,12.0,6850.85142
527,Non-communicable diseases,Cervical cancer (first line),116,Cisplatin 50mg Injection,239,12.0,4891.77108
528,Non-communicable diseases,Cervical cancer (first line),116,5-Fluorouracil 500mg injection,240,36.0,625.52112
529,Non-communicable diseases,Treatment of Injuries (Blunt Trauma - Soft Tissue Injury),117,Tetanus toxin vaccine (TTV),241,0.2,1199.99838
530,Non-communicable diseases,Treatment of Injuries (Blunt Trauma - Soft Tissue Injury),117,"diclofenac sodium 25 mg, enteric coated_1000_IDA",242,60.0,0.92106
531,Non-communicable diseases,Treatment of Injuries (Blunt Trauma - Soft Tissue Injury),117,Paracetamol 500mg_1000_CMST,113,80.0,4.16262
532,Non-communicable diseases,Treatment of Injuries (Blunt Trauma - Soft Tissue Injury),117,"morphine sulphate 10 mg/ml, 1 ml, injection (nt)_10_IDA",243,0.4,549.50154
533,Non-communicable diseases,Treatment of Injuries (Blunt Trauma - Soft Tissue Injury),117,"Bandage, crepe 7.5cm x 1.4m long , when stretched",244,4.0,119.28798
534,Non-communicable diseases,Treatment of Injuries (Blunt Trauma - Soft Tissue Injury),117,"Gauze, swabs 8-ply 10cm x 10cm",245,10.0,14.72268
535,Non-communicable diseases,Treatment of Injuries (Blunt Trauma - Soft Tissue Injury),117,"Iodine solution, weak (iodine tincture) 0.5%_500ml_CMST",246,0.1,1742.63838
536,Non-communicable diseases,Treatment of Injuries (Blunt Trauma - Soft Tissue Injury),117,Glove disposable latex medium_100_CMST,172,8.0,24.57588
537,Non-communicable diseases,Treatment of Injuries (Blunt Trauma - Soft Tissue Injury),117,Suture pack,247,0.05,2856
538,Non-communicable diseases,Treatment of Injuries (Blunt Trauma - Soft Tissue Injury),117,Flucloxacillin 250mg_100_CMST,248,22.400000000000002,40.39812
539,Non-communicable diseases,Treatment of Injuries (Blunt Trauma - Soft Tissue Injury),117,"Cotton wool, 500g_1_CMST",49,10.0,416.99742
540,Non-communicable diseases,Treatment of injuries (Fracture and dislocation),118,Tetanus toxin vaccine (TTV),241,0.2,1199.99838
541,Non-communicable diseases,Treatment of injuries (Fracture and dislocation),118,"diclofenac sodium 25 mg, enteric coated_1000_IDA",242,60.0,0.92106
542,Non-communicable diseases,Treatment of injuries (Fracture and dislocation),118,Paracetamol 500mg_1000_CMST,113,80.0,4.16262
543,Non-communicable diseases,Treatment of injuries (Fracture and dislocation),118,"morphine sulphate 10 mg/ml, 1 ml, injection (nt)_10_IDA",243,2.0,549.50154
544,Non-communicable diseases,Treatment of injuries (Fracture and dislocation),118,"Bandage, crepe 7.5cm x 1.4m long , when stretched",244,8.0,119.28798
545,Non-communicable diseases,Treatment of injuries (Fracture and dislocation),118,"Gauze, swabs 8-ply 10cm x 10cm",245,10.0,14.72268
546,Non-communicable diseases,Treatment of injuries (Fracture and dislocation),118,Iodine strong 10% solution_500ml_CMST,73,0.1,1641.60024
547,Non-communicable diseases,Treatment of injuries (Fracture and dislocation),118,Plaster of Paris (POP) 10cm x 7.5cm slab_12_CMST,249,12.0,16.9218
548,Non-communicable diseases,Treatment of injuries (Fracture and dislocation),118,"Monochromatic blue senstive X-ray Film, screen SizeSize: 30cm x 40cm",250,6.0,723.0678
549,Non-communicable diseases,Treatment of injuries (Fracture and dislocation),118,Glove surgeon's size 7 sterile_2_CMST,112,0.4,137.45928
550,Non-communicable diseases,Treatment of injuries (Fracture and dislocation),118,Glove disposable latex medium_100_CMST,172,8.0,24.57588
551,Non-communicable diseases,Treatment of injuries (Fracture and dislocation),118,"Ketamine hydrochloride 50mg/ml, 10ml",251,0.024,607.12848
552,Non-communicable diseases,Treatment of injuries (Fracture and dislocation),118,"Syringe, 5ml, disposable, hypoluer with 21g needle_each_CMST",107,1.0,149.98284
553,Non-communicable diseases,Treatment of injuries (Fracture and dislocation),118,Apron laboratory disposable_50_CMST,252,2.0,74.19888
554,Non-communicable diseases,Treatment of injuries (Fracture and dislocation),118,"Ceftriaxone 1g, PFR_each_CMST",81,1.4000000000000001,207.10998
555,Non-communicable diseases,Treatment of injuries (Fracture and dislocation),118,"cloxacillin 500 mg, powder for injection_50_IDA",253,8.400000000000002,59.04066
556,Non-communicable diseases,Treatment of injuries (Fracture and dislocation),118,"Gentamycin, injection, 40 mg/ml in 2 ml vial",28,2.1000000000000005,41.74758
557,Non-communicable diseases,Treatment of injuries (Fracture and dislocation),118,Vancomycin 500mg for injection,254,3.6,5999.99904
558,Non-communicable diseases,Treatment of injuries (Fracture and dislocation),118,"Chloramphenicol Sodium 1g, PFR_each_CMST",255,7.0,338.5431
559,Non-communicable diseases,Treatment of injuries (Fracture and dislocation),118,Flucloxacillin 250mg_100_CMST,248,22.400000000000002,40.39812
560,Non-communicable diseases,Treatment of injuries (Fracture and dislocation),118,External fixator,256,0.01,42840
561,Non-communicable diseases,Treatment of injuries (Fracture and dislocation),118,Chloramphenicol 250mg_1000_CMST,257,112.0,28.06734
562,Non-communicable diseases,Kaposi sarcoma - first line,119,"Doxorubicin, 50 mg vial",238,7.0,6850.85142
563,Non-communicable diseases,Kaposi sarcoma - first line,119,Belomycin 15lu inj,258,7.0,5941.67952
564,Non-communicable diseases,Kaposi sarcoma - first line,119,Vincristin 1mg Injection,259,7.0,901.13226
565,Non-communicable diseases,Kaposi sarcoma - second line,120,Paclitaxel 100mg Injection,260,2.33331,31493.11914
566,Non-communicable diseases,"Lymphomas, nonhodgkins",121,"Cyclophosphamide, 1 g",261,5.0,2065.7091
567,Non-communicable diseases,"Lymphomas, nonhodgkins",121,Vincristin 1mg Injection,259,10.0,901.13226
568,Non-communicable diseases,"Lymphomas, nonhodgkins",121,"Methylprednisolone acetate sub-conj. 40mg/ml,2ml_each_CMST",262,0.0,1623.07194
569,Non-communicable diseases,"Lymphomas, nonhodgkins",121,"Doxorubicin, 50 mg vial",238,5.0,6850.85142
570,Non-communicable diseases,Hodgkin's lymphoma,122,"bleomycin powder 15 mg (15,000 IU)   (**)_1_IDA",263,0.0,7709.25078
571,Non-communicable diseases,Hodgkin's lymphoma,122,Belomycin 15lu inj,258,12.0,5941.67952
572,Non-communicable diseases,Hodgkin's lymphoma,122,Vinblastin 10mg injection,264,12.0,5913.59076
573,Non-communicable diseases,Hodgkin's lymphoma,122,Dacarbazine 500mg injection,265,18.0,12034.61994
574,Non-communicable diseases,Hodgkin's lymphoma,122,"Doxorubicin, 50 mg vial",238,12.0,6850.85142
575,Non-communicable diseases,Head and neck cancer (esophageal),123,Cisplatin 50mg Injection,239,12.5,4891.77108
576,Non-communicable diseases,Head and neck cancer (esophageal),123,5-Fluorouracil 500mg injection,240,8.5,625.52112
577,Non-communicable diseases,"GIT, intestine cancer",124,5-Fluorouracil 500mg injection,240,10.2,625.52112
578,Non-communicable diseases,"GIT, intestine cancer",124,Leucovorin 50mg injection,266,3.5999999999999996,1931.16294
579,"Mental, neurological, and substance use disorders",Anxiety,125,Amitriptyline 25mg_100_CMST,267,180.0,5.49066
580,"Mental, neurological, and substance use disorders",Anxiety,125,Fluoxetine 20mg_1000_CMST,268,180.0,103.80846
581,"Mental, neurological, and substance use disorders",Treatment of depression,126,Amitriptyline 25mg_100_CMST,267,180.0,5.49066
582,"Mental, neurological, and substance use disorders",Treatment of depression,126,Fluoxetine 20mg_1000_CMST,268,180.0,103.80846
583,"Mental, neurological, and substance use disorders",Treatment of acute psychotic disorders,127,Haloperidol  5mg_100_CMST,269,1.825,766.75032
584,"Mental, neurological, and substance use disorders",Treatment of acute psychotic disorders,127,Chlorpromazine 100mg_1000_CMST,270,0.27375,8873.99898
585,"Mental, neurological, and substance use disorders",Treatment of acute psychotic disorders,127,"Fluphenazine decanoate 25mg/ml, 2ml_each_CMST",271,1.2000000000000002,3156.951
586,"Mental, neurological, and substance use disorders",Treatment of acute psychotic disorders,127,"Risperidone, 2 mg tab",272,146.0,14.2086
587,"Mental, neurological, and substance use disorders",Treatment of acute psychotic disorders,127,"Biperiden, 2 mg tab",273,7.0,12.00234
588,"Mental, neurological, and substance use disorders",Treatment of bipolar disorder,128,"Lithium, 300 mg",274,547.5,5.9976
589,"Mental, neurological, and substance use disorders",Treatment of bipolar disorder,128,Sodium valproate 200mg_100_CMST,275,5.475000000000001,3154.11642
590,"Mental, neurological, and substance use disorders",Treatment of bipolar disorder,128,Carbamazepine 200mg_1000_CMST,276,0.07300000000000001,11382.73794
591,"Mental, neurological, and substance use disorders",Treatment of bipolar disorder,128,"Diazepam 5mg/ml, 2ml_each_CMST",87,12.0,130.47636
592,"Mental, neurological, and substance use disorders",Treatment of bipolar disorder,128,"Syringe, 10 cc with needle",277,0.4,298.809
593,"Mental, neurological, and substance use disorders",Treatment of bipolar disorder,128,Glove disposable latex medium_100_CMST,172,0.4,24.57588
594,"Mental, neurological, and substance use disorders",Anti-epileptic medication,129,"Phenobarbital, 100 mg",278,729.99927,4.04124
595,"Mental, neurological, and substance use disorders",Anti-epileptic medication,129,Phenytoin sodium 100mg_1000_CMST,279,328.49999999999994,3.84132
596,"Mental, neurological, and substance use disorders",Anti-epileptic medication,129,Carbamazepine 200mg_1000_CMST,276,0.07300000000000001,11382.73794
597,"Mental, neurological, and substance use disorders",Anti-epileptic medication,129,Sodium valproate 200mg_100_CMST,275,0.0,3154.11642
598,"Mental, neurological, and substance use disorders",Treatment of schizophrenia,130,Haloperidol  5mg_100_CMST,269,1.825,766.75032
599,"Mental, neurological, and substance use disorders",Treatment of schizophrenia,130,Chlorpromazine 100mg_1000_CMST,270,0.27375,8873.99898
600,"Mental, neurological, and substance use disorders",Treatment of schizophrenia,130,"Fluphenazine decanoate 25mg/ml, 2ml_each_CMST",271,1.2000000000000002,3156.951
601,"Mental, neurological, and substance use disorders",Treatment of schizophrenia,130,"Risperidone, 2 mg tab",272,146.0,14.2086
602,"Mental, neurological, and substance use disorders",Treatment of schizophrenia,130,"Biperiden, 2 mg tab",273,7.0,12.00234
603,"Mental, neurological, and substance use disorders",Substance use disorder - alcohol,131,Diazepam 5mg_1000_CMST,280,0.002,2380.0833
604,"Mental, neurological, and substance use disorders",Substance use disorder - alcohol,131,"Thiamine (vitamin B1), 100 mg",281,1.0,6.9972
605,"Mental, neurological, and substance use disorders",Substance use disorder - cannabis,132,"Buprenorphine, 8 mg",282,1.25,450.9981
606,"Mental, neurological, and substance use disorders",Substance use disorder - cannabis,132,"Methadone, 5 mg",283,1.75,606.00036
607,"Mental, neurological, and substance use disorders",Substance use disorder - cannabis,132,"Clonidine, .1 mg",284,3.5,213.56454
608,Neglected Tropical Diseases,Onchocerciasis mass drug administration,133,Mectizan,285,1.0,2142
609,Neglected Tropical Diseases,Schistosomiasis mass drug administration,134,Praziquantel 600mg_1000_CMST,286,2.5,2.77032
610,Neglected Tropical Diseases,LF hydrocele surgery,135,I/V R/lactate 3Lts,287,3.0,1309.02618
611,Neglected Tropical Diseases,LF hydrocele surgery,135,"Ampicillin injection 500mg, PFR_each_CMST",86,1.0,118.4526
612,Neglected Tropical Diseases,LF hydrocele surgery,135,"Metronidazole 5mg/ml, 100ml_each_CMST",105,1.0,215.34954
613,Neglected Tropical Diseases,LF hydrocele surgery,135,Amoxycillin 250mg_1000_CMST,125,0.001,16460.99868
614,Neglected Tropical Diseases,LF hydrocele surgery,135,Metronidazole 200mg_1000_CMST,92,0.001,5271.83328
615,Neglected Tropical Diseases,LF hydrocele surgery,135,Diclofenac sodium 100mg _100_CMST,288,0.1,240.86076
616,Neglected Tropical Diseases,LF hydrocele surgery,135,Catheter Foley's + urine bag (2000ml) 10g_each_CMST,289,1.0,297.98076
617,Neglected Tropical Diseases,LF hydrocele surgery,135,Cannula iv  (winged with injection pot) 18_each_CMST,171,1.0,130.07652
618,Neglected Tropical Diseases,LF hydrocele surgery,135,"Syringe, 20ml, disposable with 21g needle_each_CMST",111,1.0,182.94822
619,Neglected Tropical Diseases,LF hydrocele surgery,135,"Water for injection, 10ml_Each_CMST",98,1.0,32.57268
620,Neglected Tropical Diseases,LF hydrocele surgery,135,Underpants,290,1.0,2427.6
621,Acute Respiratory Infections,Asthma,136,Prednisolone 5mg_100_CMST,291,18.0,8.3181
622,Acute Respiratory Infections,Asthma,136,"Aminophylline 100mg, tablets",292,30.0,3.22728
623,Acute Respiratory Infections,Asthma,136,Salbutamol Inhaler 100mcg/dose - 200 doses ,293,1.0,960.73698
624,Acute Respiratory Infections,Asthma,136,Salbutamol 4mg_1000_CMST,121,30.0,2.76318
625,Acute Respiratory Infections,Asthma,136,"Beclomethasone diproprionate inhalation, 50mcg/dose, 200 doses",294,1.0,1400.39676
626,Acute Respiratory Infections,Pneumonia treatment (children),137,"Paracetamol, tablet, 100 mg",295,12.0,4.34826
627,Acute Respiratory Infections,Pneumonia treatment (children),137,"Salbutamol, tablet, 4 mg",296,0.08,2.76318
628,Acute Respiratory Infections,Pneumonia treatment (children),137,"Salbutamol, syrup, 2 mg/5 ml",297,0.36,6.9972
629,Acute Respiratory Infections,Pneumonia treatment (children),137,"Salbutamol sulphate 1mg/ml, 5ml_each_CMST",298,0.024,86.0013
630,Acute Respiratory Infections,Pneumonia treatment (children),137,"Amoxycillin 125mg/5ml suspension, PFR_0.025_CMST",299,0.4,345.6117
631,Acute Respiratory Infections,Pneumonia treatment (children),137,Amoxycillin 250mg_1000_CMST,125,0.005999999999999999,16460.99868
632,Acute Respiratory Infections,Treatment of severe pneumonia,138,"Benzylpenicillin 3g (5MU), PFR_each_CMST",99,12.0,194.6007
633,Acute Respiratory Infections,Treatment of severe pneumonia,138,"Gentamicin Sulphate 40mg/ml, 2ml_each_CMST",106,25.0,27.00348
634,Acute Respiratory Infections,Treatment of severe pneumonia,138,"Ceftriaxone 1g, PFR_each_CMST",81,1.25,207.10998
635,Acute Respiratory Infections,Treatment of severe pneumonia,138,"Tube, nasogastric CH 8_each_CMST",300,0.2,1194.00078
636,Acute Respiratory Infections,Treatment of severe pneumonia,138,"Oxygen, 1000 liters, primarily with oxygen concentrators",301,0.576,224.88144
637,Acute Respiratory Infections,Treatment of severe pneumonia,138,Prednisolone 5mg_100_CMST,291,1.7999999999999998,8.3181
638,Acute Respiratory Infections,Treatment of severe pneumonia,138,"Salbutamol, syrup, 2 mg/5 ml",297,0.4,6.9972
639,Acute Respiratory Infections,Treatment of severe pneumonia,138,"Syringe, needle + swab",9,0.36,7.7469
640,Acute Respiratory Infections,Treatment of severe pneumonia,138,Amoxycillin 250mg_1000_CMST,125,0.006,16460.99868
641,Acute Respiratory Infections,Treatment of severe pneumonia,138,Cannula iv  (winged with injection pot) 16_each_CMST,120,1.0,77.34048
642,Acute Respiratory Infections,Treatment of severe pneumonia,138,X-ray,175,1.0,182.51982
643,Acute Respiratory Infections,Asthma severe 1 step adult,139,Prednisolone 5mg_100_CMST,291,56.0,8.3181
644,Acute Respiratory Infections,Asthma severe 1 step adult,139,Amoxycillin 250mg_1000_CMST,125,0.03,16460.99868
645,Acute Respiratory Infections,Asthma severe 1 step adult,139,Glove disposable latex medium_100_CMST,172,6.0,24.57588
646,Acute Respiratory Infections,Asthma severe 1 step adult,139,"Salbutamol solution for nebulising 5mg/ml, 30ml",302,2.0,676.25082
647,Acute Respiratory Infections,Asthma severe 1 step adult,139,"IV giving/infusion set, with needle",34,1.0,231.84294
648,Acute Respiratory Infections,Asthma severe 1 step adult,139,X-Ray developer for manual process,303,1.0,2.6418
649,Acute Respiratory Infections,Asthma severe 1 step adult,139,Cannula iv  (winged with injection pot) 18_each_CMST,171,1.0,130.07652
650,Acute Respiratory Infections,Asthma severe 1 step adult,139,"Plaster, elastic adhesive 7.5cm x 5m_each_CMST",304,1.0,869.57346
651,Acute Respiratory Infections,Asthma severe 1 step adult,139,Hydrocotisone IV - 200mg,305,15.0,478.33002
652,Acute Respiratory Infections,Asthma severe 1 step adult,139,"Oxygen, 1000 liters, primarily with oxygen concentrators",301,1.0,224.88144
653,Acute Respiratory Infections,Asthma severe +n't resp 1 step,140,Prednisolone 5mg_100_CMST,291,56.0,8.3181
654,Acute Respiratory Infections,Asthma severe +n't resp 1 step,140,Amoxycillin 250mg_1000_CMST,125,0.03,16460.99868
655,Acute Respiratory Infections,Asthma severe +n't resp 1 step,140,Glove disposable latex medium_100_CMST,172,6.0,24.57588
656,Acute Respiratory Infections,Asthma severe +n't resp 1 step,140,"Salbutamol solution for nebulising 5mg/ml, 30ml",302,2.0,676.25082
657,Acute Respiratory Infections,Asthma severe +n't resp 1 step,140,"IV giving/infusion set, with needle",34,1.0,231.84294
658,Acute Respiratory Infections,Asthma severe +n't resp 1 step,140,"Sodium chloride 0.9%, 1000ml_each_CMST",306,1.0,783.05808
659,Acute Respiratory Infections,Asthma severe +n't resp 1 step,140,Cannula iv  (winged with injection pot) 18_each_CMST,171,1.0,130.07652
660,Acute Respiratory Infections,Asthma severe +n't resp 1 step,140,"Plaster, elastic adhesive 7.5cm x 5m_each_CMST",304,1.0,869.57346
661,Acute Respiratory Infections,Asthma severe +n't resp 1 step,140,Hydrocotisone IV - 200mg,305,15.0,478.33002
662,Acute Respiratory Infections,Asthma severe +n't resp 1 step,140,"Oxygen, 1000 liters, primarily with oxygen concentrators",301,0.05,224.88144
663,Acute Respiratory Infections,Asthma severe +n't resp 1 step,140,"Aminophylline 100mg, tablets",292,2.0,3.22728
664,Acute Respiratory Infections,Asthma severe +n't resp 1 step,140,"Atropine sulphate  600 micrograms/ml, 1ml_each_CMST",307,2.0,170.84592
665,Acute Respiratory Infections,Asthma severe +n't resp 1 step,140,"Adrenaline 1/1000, 1ml_each_CMST",308,1.0,251.52792
666,Acute Respiratory Infections,COPD,141,Prednisolone 5mg_100_CMST,291,80.0,8.3181
667,Acute Respiratory Infections,COPD,141,Amoxycillin 250mg_1000_CMST,125,0.0,16460.99868
668,Acute Respiratory Infections,COPD,141,Glove disposable latex medium_100_CMST,172,1.0,24.57588
669,Acute Respiratory Infections,COPD,141,Salbutamol 4mg_1000_CMST,121,2.0,2.76318
670,Acute Respiratory Infections,COPD,141,Salbutamol Inhaler 100mcg/dose - 200 doses ,293,1.0,960.73698
671,Acute Respiratory Infections,COPD,141,X-ray,175,1.0,182.51982
672,Acute Respiratory Infections,COPD,141,Complete blood count,128,1.0,378.99834
673,Eye and Ear infection,Treatment of conjunctivitis,142,"Tetracycline eye ointment, 1 %, tube 5 mg",68,21.0,31.68018
674,Eye and Ear infection,Treatment of conjunctivitis,142,Paracetamol 500mg _1000_CMST,94,0.03,4353.87918
675,Eye and Ear infection,Treatment of conjunctivitis,142,Cotton swab,24,1.0,1.9992
676,Eye and Ear infection,Acute otitis media in under 5s,143,Paracetamol 500mg _1000_CMST,94,0.015,4353.87918
677,Eye and Ear infection,Acute otitis media in under 5s,143,Cotrimoxazole 480mg_1000_CMST,309,2.0,14.12292
678,Eye and Ear infection,Scabies and other skin diseases,144,"Benzyl benzoate 25% lotion, 1000 ml bottle",310,1.0,3147.76896
679,Eye and Ear infection,Scabies and other skin diseases,144,Erythromycin 250mg_1000_CMST,311,13.200000000000001,54.64956
680,Eye and Ear infection,Trachoma mass drug administration,145,Azithromycin 500mg_10_CMST,312,1.6,96.62562
681,Eye and Ear infection,Trachoma mass drug administration,145,"Tetracycline eye ointment, 1 %, tube 5 mg",68,1.92,31.68018
682,Eye and Ear infection,Trachoma mass drug administration,145,"azithromycin 200 mg/5 ml, pwd for or. susp., 15 ml_120_IDA",313,0.36,469.9191
683,Eye and Ear infection,Treatment of cataracts,146,Cataract set,314,0.1,940338
684,Oral Health,Management of severe tooth pain - tooth extraction,147,"Lignocaine 2% Adrenaline 1/80,000 cartridge 1.8ml_50_CMST",116,1.0,216.45624
685,Oral Health,Management of severe tooth pain - tooth extraction,147,"Needle, disposable dental, 27g long sharewood",315,1.0,0.79254
686,Oral Health,Management of mild tooth pain - tooth filling,148,"Lignocaine 2% Adrenaline 1/80,000 cartridge 1.8ml_50_CMST",116,1.0,216.45624
687,Oral Health,Management of mild tooth pain - tooth filling,148,"Needle, disposable dental, 27g long sharewood",315,1.0,0.79254
688,Oral Health,Management of mild tooth pain - tooth filling,148,"Amalgam capsule no. 2, non-gamma _50_CMST",316,1.0,761.03118
689,Oral Health,Management of mild tooth pain - tooth filling,148,Composite chemical cure & etching system,317,0.02,0
690,Oral Health,Management of mild tooth pain - tooth filling,148,Zinc oxide eugenol liquid+powder_10_CMST,318,0.02,4008.66732
691,Oral Health,Management of mild tooth pain - tooth filling,148,Zinc oxide eugenol powder_pack_CMST,319,0.02,6563.47356
692,Oral Health,Management of mild tooth pain - tooth filling,148,Glass ionomer reinforced powder & liquid (Fujii IX),320,0.02,30565.26186
693,Oral Health,Root canal therapy,149,"Lignocaine 2% Adrenaline 1/80,000 cartridge 1.8ml_50_CMST",116,1.0,216.45624
694,Oral Health,Root canal therapy,149,"Needle, disposable dental, 27g long sharewood",315,1.0,0.79254
695,Oral Health,Root canal therapy,149,Root canal spreader S/E NI-TI_each_CMST,321,0.02,21583.99152
696,Oral Health,Root canal therapy,149,"Gutta Percha points, PD 15-80",322,0.02,0
697,Oral Health,Root canal therapy,149,Root canal sealant ( Regular),323,0.02,0
698,Oral Health,Root canal therapy,149,Cresophene 13ml root canal disinfectant,324,0.02,0
699,Oral Health,Root canal therapy,149,Cavit medium,325,0.02,6537.39114
700,Oral Health,Root canal therapy,149,"Amalgam capsule no. 2, non-gamma _50_CMST",316,0.02,761.03118
701,Oral Health,Root canal therapy,149,Composite chemical cure & etching system,317,0.02,0
702,Oral Health,Tooth scaling and polishing,150,Polishing system enhance (Detisply),326,0.01,96233.0271
703,Oral Health,Intermaxillary Fixation,151,"Lignocaine 2% Adrenaline 1/80,000 cartridge 1.8ml_50_CMST",116,1.0,216.45624
704,Oral Health,Intermaxillary Fixation,151,"Needle, disposable dental, 27g long sharewood",315,1.0,0.79254
705,Oral Health,Intermaxillary Fixation,151,"Ligature wire, 0.16 inches (0.406mm) roll",327,0.05,11601.33618
706,Oral Health,Intermaxillary Fixation,151,"Wire ligature 0.5mm, roll _each_CMST",328,0.05,10625.64804
707,Oral Health,Bone plating,152,"Lignocaine 2% Adrenaline 1/80,000 cartridge 1.8ml_50_CMST",116,1.0,216.45624
708,Oral Health,Bone plating,152,"Needle, disposable dental, 27g long sharewood",315,1.0,0.79254
709,Oral Health,Bone plating,152,"Ligature wire, 0.16 inches (0.406mm) roll",327,0.05,11601.33618
710,Oral Health,Bone plating,152,"Wire ligature 0.5mm, roll _each_CMST",328,0.05,10625.64804
711,Oral Health,Intraoseous wiring,153,"Lignocaine 2% Adrenaline 1/80,000 cartridge 1.8ml_50_CMST",116,1.0,216.45624
712,Oral Health,Intraoseous wiring,153,"Needle, disposable dental, 27g long sharewood",315,1.0,0.79254
713,Oral Health,Intraoseous wiring,153,"Ligature wire, 0.16 inches (0.406mm) roll",327,0.05,11601.33618
714,Oral Health,Intraoseous wiring,153,"Wire ligature 0.5mm, roll _each_CMST",328,0.05,10625.64804
715,Oral Health,Tooth splinting,154,"Lignocaine 2% Adrenaline 1/80,000 cartridge 1.8ml_50_CMST",116,1.0,216.45624
716,Oral Health,Tooth splinting,154,"Needle, disposable dental, 27g long sharewood",315,1.0,0.79254
717,Oral Health,Tooth splinting,154,"Ligature wire, 0.16 inches (0.406mm) roll",327,0.05,11601.33618
718,Oral Health,Enucleation and marsupulization of dental cysts,155,"Lignocaine 2% Adrenaline 1/80,000 cartridge 1.8ml_50_CMST",116,1.0,216.45624
719,Oral Health,Enucleation and marsupulization of dental cysts,155,"Needle, disposable dental, 27g long sharewood",315,1.0,0.79254
720,Oral Health,Excision and incisional biopsy of dental tumors,156,"Lignocaine 2% Adrenaline 1/80,000 cartridge 1.8ml_50_CMST",116,1.0,216.45624
721,Oral Health,Excision and incisional biopsy of dental tumors,156,"Needle, disposable dental, 27g long sharewood",315,1.0,0.79254
722,Oral Health,Incision and drainage of dental abscess,157,"Lignocaine 2% Adrenaline 1/80,000 cartridge 1.8ml_50_CMST",116,1.0,216.45624
723,Oral Health,Incision and drainage of dental abscess,157,"Needle, disposable dental, 27g long sharewood",315,1.0,0.79254
724,Oral Health,Denture,158,Alginate impression material (Supreme),329,0.1,6288.47646
725,Oral Health,Denture,158,"POP dental stone, ortho",330,0.1,38361.01374
726,Oral Health,Denture,158,"POP dental stone, yellow",331,0.1,3049.05846
727,Oral Health,Denture,158,"Wax, modelling, no. 4 gauge",332,0.05,0
728,Oral Health,Denture,158,"Tungstein Carbide Acrylic Trimmers, C75/060",333,0.05,16362.26676
729,Oral Health,Tooth implants,159,"Lignocaine 2% Adrenaline 1/80,000 cartridge 1.8ml_50_CMST",116,1.0,216.45624
730,Oral Health,Tooth implants,159,"Needle, disposable dental, 27g long sharewood",315,1.0,0.79254
731,Oral Health,Tooth implants,159,Alginate impression material (Supreme),329,0.1,6288.47646
732,Oral Health,Tooth implants,159,"POP dental stone, ortho",330,0.1,38361.01374
733,Oral Health,Tooth implants,159,"POP dental stone, yellow",331,0.1,3049.05846
734,Oral Health,Tooth implants,159,"Wax, modelling, no. 4 gauge",332,0.05,0
735,Oral Health,Tooth implants,159,"Tungstein Carbide Acrylic Trimmers, C75/060",333,0.05,16362.26676
736,Oral Health,Tooth crown and bridge,160,Pumice,334,0.03333,14069.07726
737,Oral Health,Tooth crown and bridge,160,Alginate impression material (Supreme),329,0.1,6288.47646
738,Oral Health,Tooth crown and bridge,160,"POP dental stone, ortho",330,0.1,38361.01374
739,Oral Health,Tooth crown and bridge,160,"POP dental stone, yellow",331,0.1,3049.05846
740,Oral Health,Orthodontic appliances,161,Alginate impression material (Supreme),329,0.1,6288.47646
741,Oral Health,Orthodontic appliances,161,"POP dental stone, ortho",330,0.1,38361.01374
742,Oral Health,Orthodontic appliances,161,"POP dental stone, yellow",331,0.1,3049.05846
743,Oral Health,Orthodontic appliances,161,"Wax, modelling, no. 4 gauge",332,0.05,0
744,Oral Health,Orthodontic appliances,161,Cold mould seal,335,0.06667,11724.47976
745,Oral Health,Orthodontic appliances,161,Pumice,334,0.03333,14069.07726
746,Oral Health,Orthodontic appliances,161,Orthodontic wire (tubing size 0.8),336,0.05,9694.49922
747,Oral Health,Topical tooth fluoride application,162,Fluoride varnish (Duraphat),337,0.02,30412.17312
748,Oral Health,Topical tooth fluoride application,162,Prophylactic paste,338,0.02,5399.99628
749,Non-communicable diseases,Treatment for those with cerebrovascular disease and post-stroke_ No Diabetes,163,"Acetyl salysilic acid (aspirin), tablet, 75 mg",339,365.0,9.48906
750,Non-communicable diseases,Treatment for those with cerebrovascular disease and post-stroke_ No Diabetes,163,"Enalapril, tablet, 20 mg",219,365.0,9.48906
751,Non-communicable diseases,Treatment for those with cerebrovascular disease and post-stroke_ No Diabetes,163,"Atenolol, tablets, 50 mg",340,547.5,1.89924
752,Non-communicable diseases,Treatment for those with cerebrovascular disease and post-stroke_ No Diabetes,163,"Simvastatin, 15 mg",234,273.75,223.99608
753,Non-communicable diseases,Treatment for those with cerebrovascular disease and post-stroke_ No Diabetes,163,"Prednisolone, tablet, 5 mg",341,54.60000000000001,59.99742
754,Non-communicable diseases,Treatment for those with cerebrovascular disease and post-stroke_ No Diabetes,163,Blood glucose level test,216,2.0,685.99692
755,Non-communicable diseases,Treatment for those with cerebrovascular disease and post-stroke_ No Diabetes,163,Cholesterol test,217,2.0,685.99692
756,Non-communicable diseases,Treatment for those with cerebrovascular disease and post-stroke_ No Diabetes,163,Urine analysis,47,2.0,627.9987
757,Non-communicable diseases,Treatment for those with cerebrovascular disease and post-stroke_ No Diabetes,163,"Acetyl salysilic acid (aspirin), tablet, 75 mg",339,365.0,9.48906
758,Non-communicable diseases,Treatment for those with cerebrovascular disease and post-stroke_ No Diabetes,163,"Enalapril, tablet, 20 mg",219,365.0,9.48906
759,Non-communicable diseases,Treatment for those with cerebrovascular disease and post-stroke_ No Diabetes,163,"Atenolol, tablets, 50 mg",340,547.5,1.89924
760,Non-communicable diseases,Treatment for those with cerebrovascular disease and post-stroke_ No Diabetes,163,"Simvastatin, 15 mg",234,273.75,223.99608
761,Non-communicable diseases,Treatment for those with cerebrovascular disease and post-stroke_ No Diabetes,163,"Prednisolone, tablet, 5 mg",341,54.60000000000001,59.99742
762,Non-communicable diseases,Treatment for those with cerebrovascular disease and post-stroke_ No Diabetes,163,Blood glucose level test,216,2.0,685.99692
763,Non-communicable diseases,Treatment for those with cerebrovascular disease and post-stroke_ No Diabetes,163,Cholesterol test,217,2.0,685.99692
764,Non-communicable diseases,Treatment for those with cerebrovascular disease and post-stroke_ No Diabetes,163,Urine analysis,47,2.0,627.9987
